Name,Set,Type,Type 2,Type 3,Type 4,Cost,Additional Cost,Number of Cards,Modify Cost,In Supply,On Trash Effect,On Gain Effect,Trasher,Special Setup,Curse,Cost Reducer,Associated Token,Associated Token 2,Associated Mat,Called Cards
Alms,Adventures,Event,,,,0,,1,FALSE,FALSE,FALSE,FALSE,FALSE,FALSE,FALSE,FALSE,None,None,None,
Amulet,Adventures,Action,Duration,,,3,,10,FALSE,TRUE,FALSE,FALSE,TRUE,FALSE,FALSE,FALSE,None,None,None,
Artificer,Adventures,Action,,,,5,,10,FALSE,TRUE,FALSE,FALSE,FALSE,FALSE,FALSE,FALSE,None,None,None,
Ball,Adventures,Event,,,,5,,1,FALSE,FALSE,FALSE,FALSE,FALSE,FALSE,FALSE,FALSE,-1 Money,None,None,
Bonfire,Adventures,Event,,,,3,,1,FALSE,FALSE,FALSE,FALSE,TRUE,FALSE,FALSE,FALSE,None,None,None,
Borrow,Adventures,Event,,,,0,,1,FALSE,FALSE,FALSE,FALSE,FALSE,FALSE,FALSE,FALSE,-1 Card,None,None,
Bridge Troll,Adventures,Action,Attack,Duration,,5,,10,FALSE,TRUE,FALSE,FALSE,FALSE,FALSE,FALSE,TRUE,-1 Money,None,None,
Caravan Guard,Adventures,Action,Duration,Reaction,,3,,10,FALSE,TRUE,FALSE,FALSE,FALSE,FALSE,FALSE,FALSE,None,None,None,
Coin Of The Realm,Adventures,Treasure,Reserve,,,2,,10,FALSE,TRUE,FALSE,FALSE,FALSE,FALSE,FALSE,FALSE,None,None,Tavern,
Distant Lands,Adventures,Action,Reserve,Victory,,5,,12,FALSE,TRUE,FALSE,FALSE,FALSE,FALSE,FALSE,FALSE,None,None,Tavern,
Dungeon,Adventures,Action,Duration,,,3,,10,FALSE,TRUE,FALSE,FALSE,FALSE,FALSE,FALSE,FALSE,None,None,None,
Duplicate,Adventures,Action,Reserve,,,4,,10,FALSE,TRUE,FALSE,FALSE,FALSE,FALSE,FALSE,FALSE,None,None,Tavern,
Expedition,Adventures,Event,,,,3,,1,FALSE,FALSE,FALSE,FALSE,FALSE,FALSE,FALSE,FALSE,None,None,None,
Ferry,Adventures,Event,,,,3,,1,FALSE,FALSE,FALSE,FALSE,FALSE,FALSE,FALSE,TRUE,-2 Cost,None,None,
Gear,Adventures,Action,Duration,,,3,,10,FALSE,TRUE,FALSE,FALSE,FALSE,FALSE,FALSE,FALSE,None,None,None,
Giant,Adventures,Action,Attack,,,5,,10,FALSE,TRUE,FALSE,FALSE,FALSE,FALSE,FALSE,FALSE,Journey,None,None,
Guide,Adventures,Action,Reserve,,,3,,10,FALSE,TRUE,FALSE,FALSE,FALSE,FALSE,FALSE,FALSE,None,None,Tavern,
Haunted Woods,Adventures,Action,Attack,Duration,,5,,10,FALSE,TRUE,FALSE,FALSE,FALSE,FALSE,FALSE,FALSE,None,None,None,
Hireling,Adventures,Action,Duration,,,6,,10,FALSE,TRUE,FALSE,FALSE,FALSE,FALSE,FALSE,FALSE,None,None,None,
Inheritance,Adventures,Event,,,,7,,1,FALSE,FALSE,FALSE,FALSE,FALSE,FALSE,FALSE,FALSE,Estate,None,None,
Lost Arts,Adventures,Event,,,,6,,1,FALSE,FALSE,FALSE,FALSE,FALSE,FALSE,FALSE,FALSE,+1 Action,None,None,
Lost City,Adventures,Action,,,,5,,10,FALSE,TRUE,FALSE,TRUE,FALSE,FALSE,FALSE,FALSE,None,None,None,
Magpie,Adventures,Action,,,,4,,10,FALSE,TRUE,FALSE,FALSE,FALSE,FALSE,FALSE,FALSE,None,None,None,
Messenger,Adventures,Action,,,,4,,10,FALSE,TRUE,FALSE,FALSE,FALSE,FALSE,FALSE,FALSE,None,None,None,
Miser,Adventures,Action,,,,4,,10,FALSE,TRUE,FALSE,FALSE,FALSE,FALSE,FALSE,FALSE,None,None,Tavern,
Mission,Adventures,Event,,,,4,,1,FALSE,FALSE,FALSE,FALSE,FALSE,FALSE,FALSE,FALSE,None,None,None,
Page,Adventures,Action,Traveller,,,2,,10,FALSE,TRUE,FALSE,FALSE,FALSE,FALSE,FALSE,FALSE,None,None,None,"Treasure Hunter, Warrior, Hero, Champion"
Treasure Hunter,Adventures,Action,Traveller,,,3,,5,FALSE,FALSE,FALSE,FALSE,FALSE,FALSE,FALSE,FALSE,None,None,None,
Warrior,Adventures,Action,Attack,Traveller,,4,,5,FALSE,FALSE,FALSE,FALSE,FALSE,FALSE,FALSE,FALSE,None,None,None,
Hero,Adventures,Action,Traveller,,,5,,5,FALSE,FALSE,FALSE,FALSE,FALSE,FALSE,FALSE,FALSE,None,None,None,
Champion,Adventures,Action,Duration,,,6,,5,FALSE,FALSE,FALSE,FALSE,FALSE,FALSE,FALSE,FALSE,None,None,None,
Pathfinding,Adventures,Event,,,,8,,1,FALSE,FALSE,FALSE,FALSE,FALSE,FALSE,FALSE,FALSE,+1 Card,None,None,
Peasant,Adventures,Action,Traveller,,,2,,10,FALSE,TRUE,FALSE,FALSE,FALSE,FALSE,FALSE,FALSE,None,None,None,"Soldier, Fugitive, Disiple, Teacher"
Soldier,Adventures,Action,Attack,Traveller,,3,,5,FALSE,FALSE,FALSE,FALSE,FALSE,FALSE,FALSE,FALSE,None,None,None,
Fugitive,Adventures,Action,Traveller,,,4,,5,FALSE,FALSE,FALSE,FALSE,FALSE,FALSE,FALSE,FALSE,None,None,None,
Disciple,Adventures,Action,Traveller,,,5,,5,FALSE,FALSE,FALSE,FALSE,FALSE,FALSE,FALSE,FALSE,None,None,None,
Teacher,Adventures,Action,Reserve,,,6,,5,FALSE,FALSE,FALSE,FALSE,FALSE,FALSE,FALSE,FALSE,+1 Money,,Tavern,
Pilgrimage,Adventures,Event,,,,4,,1,FALSE,FALSE,FALSE,FALSE,FALSE,FALSE,FALSE,FALSE,Journey,None,None,
Plan,Adventures,Event,,,,3,,1,FALSE,FALSE,FALSE,FALSE,FALSE,FALSE,FALSE,FALSE,Trashing,None,None,
Port,Adventures,Action,,,,4,,12,FALSE,TRUE,FALSE,FALSE,FALSE,FALSE,FALSE,FALSE,None,None,None,
Quest,Adventures,Event,,,,0,,1,FALSE,FALSE,FALSE,FALSE,FALSE,FALSE,FALSE,FALSE,None,None,None,
Raid,Adventures,Event,,,,5,,1,FALSE,FALSE,FALSE,FALSE,FALSE,FALSE,FALSE,FALSE,-1 Card,None,None,
Ranger,Adventures,Action,,,,4,,10,FALSE,TRUE,FALSE,FALSE,FALSE,FALSE,FALSE,FALSE,Journey,None,None,
Ratcatcher,Adventures,Action,Reserve,,,2,,10,FALSE,TRUE,FALSE,FALSE,TRUE,FALSE,FALSE,FALSE,None,None,Tavern,
Raze,Adventures,Action,,,,2,,10,FALSE,TRUE,FALSE,FALSE,TRUE,FALSE,FALSE,FALSE,None,None,None,
Relic,Adventures,Treasure,Attack,,,5,,10,FALSE,TRUE,FALSE,FALSE,FALSE,FALSE,FALSE,FALSE,-1 Card,None,None,
Royal Carriage,Adventures,Action,Reserve,,,5,,10,FALSE,TRUE,FALSE,FALSE,FALSE,FALSE,FALSE,FALSE,None,None,Tavern,
Save,Adventures,Event,,,,1,,1,FALSE,FALSE,FALSE,FALSE,FALSE,FALSE,FALSE,FALSE,None,None,None,
Scouting Party,Adventures,Event,,,,2,,1,FALSE,FALSE,FALSE,FALSE,FALSE,FALSE,FALSE,FALSE,None,None,None,
Seaway,Adventures,Event,,,,5,,1,FALSE,FALSE,FALSE,FALSE,FALSE,FALSE,FALSE,FALSE,+1 Buy,None,None,
Story Teller,Adventures,Action,,,,5,,10,FALSE,TRUE,FALSE,FALSE,FALSE,FALSE,FALSE,FALSE,None,None,None,
Swamp Hag,Adventures,Action,Attack,Duration,,5,,10,FALSE,TRUE,FALSE,FALSE,FALSE,FALSE,TRUE,FALSE,None,None,None,
Trade,Adventures,Event,,,,5,,1,FALSE,FALSE,FALSE,FALSE,TRUE,FALSE,FALSE,FALSE,None,None,None,
Training,Adventures,Event,,,,6,,1,FALSE,FALSE,FALSE,FALSE,FALSE,FALSE,FALSE,FALSE,+1 Money,None,None,
Transmogrify,Adventures,Action,Reserve,,,4,,10,FALSE,TRUE,FALSE,FALSE,TRUE,FALSE,FALSE,FALSE,None,None,Tavern,
Travelling Fair,Adventures,Event,,,,2,,1,FALSE,FALSE,FALSE,FALSE,FALSE,FALSE,FALSE,FALSE,None,None,None,
Treasure Trove,Adventures,Treasure,,,,5,,10,FALSE,TRUE,FALSE,FALSE,FALSE,FALSE,FALSE,FALSE,None,None,None,
Wine Merchant,Adventures,Action,Reserve,,,5,,10,FALSE,TRUE,FALSE,FALSE,FALSE,FALSE,FALSE,FALSE,None,None,Tavern,
Alchemist,Alchemy,Action,,,,3,Potion,10,FALSE,TRUE,FALSE,FALSE,FALSE,FALSE,FALSE,FALSE,None,None,None,Potion
Apothecary,Alchemy,Action,,,,2,Potion,10,FALSE,TRUE,FALSE,FALSE,FALSE,FALSE,FALSE,FALSE,None,None,None,Potion
Apprentice,Alchemy,Action,,,,5,,10,FALSE,TRUE,FALSE,FALSE,TRUE,FALSE,FALSE,FALSE,None,None,None,
Familiar,Alchemy,Action,Attack,,,3,Potion,10,FALSE,TRUE,FALSE,FALSE,FALSE,FALSE,TRUE,FALSE,None,None,None,Potion
Golem,Alchemy,Action,,,,4,Potion,10,FALSE,TRUE,FALSE,FALSE,FALSE,FALSE,FALSE,FALSE,None,None,None,Potion
Herbalist,Alchemy,Action,,,,2,,10,FALSE,TRUE,FALSE,FALSE,FALSE,FALSE,FALSE,FALSE,None,None,None,
Philosopher's Stone,Alchemy,Treasure,,,,3,Potion,10,FALSE,TRUE,FALSE,FALSE,FALSE,FALSE,FALSE,FALSE,None,None,None,Potion
Possession,Alchemy,Action,,,,6,Potion,10,FALSE,TRUE,FALSE,FALSE,FALSE,FALSE,FALSE,FALSE,None,None,None,Potion
Scrying Pool,Alchemy,Action,Attack,,,2,Potion,10,FALSE,TRUE,FALSE,FALSE,FALSE,FALSE,FALSE,FALSE,None,None,None,Potion
Transmute,Alchemy,Action,,,,0,Potion,10,FALSE,TRUE,FALSE,FALSE,TRUE,FALSE,FALSE,FALSE,None,None,None,Potion
University,Alchemy,Action,,,,2,Potion,10,FALSE,TRUE,FALSE,FALSE,FALSE,FALSE,FALSE,FALSE,None,None,None,Potion
Vineyard,Alchemy,Victory,,,,0,Potion,12,FALSE,TRUE,FALSE,FALSE,FALSE,FALSE,FALSE,FALSE,None,None,None,Potion
Potion,Alchemy,Treasure,,,,4,,16,FALSE,TRUE,FALSE,FALSE,FALSE,FALSE,FALSE,FALSE,None,None,None,
Fairgrounds,Cornucopia,Victory,,,,6,,12,FALSE,TRUE,FALSE,FALSE,FALSE,FALSE,FALSE,FALSE,None,None,None,
Farming Village,Cornucopia,Action,,,,4,,10,FALSE,TRUE,FALSE,FALSE,FALSE,FALSE,FALSE,FALSE,None,None,None,
Fortune Teller,Cornucopia,Action,Attack,,,3,,10,FALSE,TRUE,FALSE,FALSE,FALSE,FALSE,FALSE,FALSE,None,None,None,
Hamlet,Cornucopia,Action,,,,2,,10,FALSE,TRUE,FALSE,FALSE,FALSE,FALSE,FALSE,FALSE,None,None,None,
Harvest,Cornucopia,Action,,,,5,,10,FALSE,TRUE,FALSE,FALSE,FALSE,FALSE,FALSE,FALSE,None,None,None,
Horn of Plenty,Cornucopia,Treasure,,,,5,,10,FALSE,TRUE,FALSE,FALSE,FALSE,FALSE,FALSE,FALSE,None,None,None,
Horse Traders,Cornucopia,Action,Reaction,,,4,,10,FALSE,TRUE,FALSE,FALSE,FALSE,FALSE,FALSE,FALSE,None,None,None,
Hunting Party,Cornucopia,Action,,,,5,,10,FALSE,TRUE,FALSE,FALSE,FALSE,FALSE,FALSE,FALSE,None,None,None,
Jester,Cornucopia,Action,Attack,,,5,,10,FALSE,TRUE,FALSE,FALSE,FALSE,FALSE,TRUE,FALSE,None,None,None,
Menagerie,Cornucopia,Action,,,,3,,10,FALSE,TRUE,FALSE,FALSE,FALSE,FALSE,FALSE,FALSE,None,None,None,
Remake,Cornucopia,Action,,,,4,,10,FALSE,TRUE,FALSE,FALSE,TRUE,FALSE,FALSE,FALSE,None,None,None,
Tournament,Cornucopia,Action,,,,4,,10,FALSE,TRUE,FALSE,FALSE,FALSE,FALSE,FALSE,FALSE,None,None,None,Prizes
Bag Of Gold,Cornucopia,Action,Prize,,,0,,1,FALSE,FALSE,FALSE,FALSE,FALSE,FALSE,FALSE,FALSE,None,None,None,
Diadem,Cornucopia,Treasure,Prize,,,0,,1,FALSE,FALSE,FALSE,FALSE,FALSE,FALSE,FALSE,FALSE,None,None,None,
Followers,Cornucopia,Action,Attack,Prize,,0,,1,FALSE,FALSE,FALSE,FALSE,FALSE,FALSE,TRUE,FALSE,None,None,None,
Princess,Cornucopia,Action,Prize,,,0,,1,FALSE,FALSE,FALSE,FALSE,FALSE,FALSE,FALSE,TRUE,None,None,None,
Trusty Steed,Cornucopia,Action,Prize,,,0,,1,FALSE,FALSE,FALSE,FALSE,FALSE,FALSE,FALSE,FALSE,None,None,None,
Young Witch,Cornucopia,Action,Attack,,,4,,10,FALSE,TRUE,FALSE,FALSE,FALSE,TRUE,TRUE,FALSE,None,None,None,
Alter,Dark Ages,Action,,,,6,,10,FALSE,TRUE,FALSE,FALSE,TRUE,FALSE,FALSE,FALSE,None,None,None,
Armory,Dark Ages,Action,,,,4,,10,FALSE,TRUE,FALSE,FALSE,FALSE,FALSE,FALSE,FALSE,None,None,None,
Band Of Misfits,Dark Ages,Action,,,,5,,10,FALSE,TRUE,FALSE,FALSE,FALSE,FALSE,FALSE,FALSE,None,None,None,
Bandit Camp,Dark Ages,Action,,,,5,,10,FALSE,TRUE,FALSE,FALSE,FALSE,FALSE,FALSE,FALSE,None,None,None,Spoils
Begger,Dark Ages,Action,Reaction,,,2,,10,FALSE,TRUE,FALSE,FALSE,FALSE,FALSE,FALSE,FALSE,None,None,None,
Catacombs,Dark Ages,Action,,,,5,,10,FALSE,TRUE,TRUE,FALSE,FALSE,FALSE,FALSE,FALSE,None,None,None,
Count,Dark Ages,Action,,,,5,,10,FALSE,TRUE,FALSE,FALSE,TRUE,FALSE,FALSE,FALSE,None,None,None,
Counterfeit,Dark Ages,Treasure,,,,5,,10,FALSE,TRUE,FALSE,FALSE,TRUE,FALSE,FALSE,FALSE,None,None,None,
Cultist,Dark Ages,Action,Attack,Looter,,5,,10,FALSE,TRUE,TRUE,FALSE,FALSE,FALSE,FALSE,FALSE,None,None,None,Ruins
Death Cart,Dark Ages,Action,Looter,,,4,,10,FALSE,TRUE,FALSE,TRUE,TRUE,FALSE,FALSE,FALSE,None,None,None,Ruins
Feodum,Dark Ages,Victory,,,,4,,12,FALSE,TRUE,TRUE,FALSE,FALSE,FALSE,FALSE,FALSE,None,None,None,
Forager,Dark Ages,Action,,,,3,,10,FALSE,TRUE,FALSE,FALSE,TRUE,FALSE,FALSE,FALSE,None,None,None,
Fortress,Dark Ages,Action,,,,4,,10,FALSE,TRUE,TRUE,FALSE,FALSE,FALSE,FALSE,FALSE,None,None,None,
Graverobber,Dark Ages,Action,,,,5,,10,FALSE,TRUE,FALSE,FALSE,TRUE,FALSE,FALSE,FALSE,None,None,None,
Hermit,Dark Ages,Action,,,,3,,10,FALSE,TRUE,FALSE,FALSE,TRUE,FALSE,FALSE,FALSE,None,None,None,Madman
Madman,Dark Ages,Action,,,,0,,10,FALSE,FALSE,FALSE,FALSE,FALSE,FALSE,FALSE,FALSE,None,None,None,
Hunting Grounds,Dark Ages,Action,,,,6,,10,FALSE,TRUE,TRUE,FALSE,FALSE,FALSE,FALSE,FALSE,None,None,None,
Iron Monger,Dark Ages,Action,,,,4,,10,FALSE,TRUE,FALSE,FALSE,FALSE,FALSE,FALSE,FALSE,None,None,None,
Junk Dealer,Dark Ages,Action,,,,5,,10,FALSE,TRUE,FALSE,FALSE,TRUE,FALSE,FALSE,FALSE,None,None,None,
Dame Anna,Dark Ages,Action,Attack,Knight,,5,,1,FALSE,TRUE,FALSE,FALSE,TRUE,FALSE,FALSE,FALSE,None,None,None,
Dame Josephine,Dark Ages,Action,Attack,Knight,Victory,5,,1,FALSE,TRUE,FALSE,FALSE,FALSE,FALSE,FALSE,FALSE,None,None,None,
Dame Molly,Dark Ages,Action,Attack,Knight,,5,,1,FALSE,TRUE,FALSE,FALSE,FALSE,FALSE,FALSE,FALSE,None,None,None,
Dame Natalie,Dark Ages,Action,Attack,Knight,,5,,1,FALSE,TRUE,FALSE,FALSE,FALSE,FALSE,FALSE,FALSE,None,None,None,
Dame Sylvia,Dark Ages,Action,Attack,Knight,,5,,1,FALSE,TRUE,FALSE,FALSE,FALSE,FALSE,FALSE,FALSE,None,None,None,
Sir Bailey,Dark Ages,Action,Attack,Knight,,5,,1,FALSE,TRUE,FALSE,FALSE,FALSE,FALSE,FALSE,FALSE,None,None,None,
Sir Destry,Dark Ages,Action,Attack,Knight,,5,,1,FALSE,TRUE,FALSE,FALSE,FALSE,FALSE,FALSE,FALSE,None,None,None,
Sir Martin,Dark Ages,Action,Attack,Knight,,4,,1,FALSE,TRUE,FALSE,FALSE,FALSE,FALSE,FALSE,FALSE,None,None,None,
Sir Michael,Dark Ages,Action,Attack,Knight,,5,,1,FALSE,TRUE,FALSE,FALSE,FALSE,FALSE,FALSE,FALSE,None,None,None,
Sir Vander,Dark Ages,Action,Attack,Knight,,5,,1,FALSE,TRUE,TRUE,FALSE,FALSE,FALSE,FALSE,FALSE,None,None,None,
Marauder,Dark Ages,Action,Attack,Looter,,4,,10,FALSE,TRUE,FALSE,FALSE,FALSE,FALSE,FALSE,FALSE,None,None,None,"Spoils, Ruins"
Market Square,Dark Ages,Action,Reaction,,,3,,10,FALSE,TRUE,FALSE,FALSE,FALSE,FALSE,FALSE,FALSE,None,None,None,
Mystic,Dark Ages,Action,,,,5,,10,FALSE,TRUE,FALSE,FALSE,FALSE,FALSE,FALSE,FALSE,None,None,None,
Pillage,Dark Ages,Action,Attack,,,5,,10,FALSE,TRUE,FALSE,FALSE,FALSE,FALSE,FALSE,FALSE,None,None,None,Spoils
Poor House,Dark Ages,Action,,,,1,,10,FALSE,TRUE,FALSE,FALSE,FALSE,FALSE,FALSE,FALSE,None,None,None,
Procession,Dark Ages,Action,,,,4,,10,FALSE,TRUE,FALSE,FALSE,TRUE,FALSE,FALSE,FALSE,None,None,None,
Rats,Dark Ages,Action,,,,4,,20,FALSE,TRUE,TRUE,FALSE,TRUE,FALSE,FALSE,FALSE,None,None,None,
Rebuild,Dark Ages,Action,,,,5,,10,FALSE,TRUE,FALSE,FALSE,TRUE,FALSE,FALSE,FALSE,None,None,None,
Rogue,Dark Ages,Action,Attack,,,5,,10,FALSE,TRUE,FALSE,FALSE,FALSE,FALSE,FALSE,FALSE,None,None,None,
Abandoned Mine,Dark Ages,Action,Ruins,,,0,,10,FALSE,TRUE,FALSE,FALSE,FALSE,FALSE,FALSE,FALSE,None,None,None,
Ruined Library,Dark Ages,Action ,Ruins,,,0,,10,FALSE,TRUE,FALSE,FALSE,FALSE,FALSE,FALSE,FALSE,None,None,None,
Ruined Market,Dark Ages,Action,Ruins,,,0,,10,FALSE,TRUE,FALSE,FALSE,FALSE,FALSE,FALSE,FALSE,None,None,None,
Ruined Village,Dark Ages,Action,Ruins,,,0,,10,FALSE,TRUE,FALSE,FALSE,FALSE,FALSE,FALSE,FALSE,None,None,None,
Survivors,Dark Ages,Action,Ruins,,,0,,10,FALSE,TRUE,FALSE,FALSE,FALSE,FALSE,FALSE,FALSE,None,None,None,
Sage,Dark Ages,Action,,,,3,,10,FALSE,TRUE,FALSE,FALSE,FALSE,FALSE,FALSE,FALSE,None,None,None,
Scavenger,Dark Ages,Action,,,,4,,10,FALSE,TRUE,FALSE,FALSE,FALSE,FALSE,FALSE,FALSE,None,None,None,
Hovel,Dark Ages,Reaction,Shelter,,,1,,6,FALSE,FALSE,FALSE,FALSE,FALSE,TRUE,FALSE,FALSE,None,None,None,
Necropolis,Dark Ages,Action,Shelter,,,1,,6,FALSE,FALSE,FALSE,FALSE,FALSE,TRUE,FALSE,FALSE,None,None,None,
Overgrown Estate,Dark Ages,Victory,Shelter,,,1,,6,FALSE,FALSE,TRUE,FALSE,FALSE,TRUE,FALSE,FALSE,None,None,None,
Spoils,Dark Ages,Treasure,,,,0,,15,FALSE,FALSE,FALSE,FALSE,FALSE,FALSE,FALSE,FALSE,None,None,None,
Squire,Dark Ages,Action,,,,2,,10,FALSE,TRUE,TRUE,FALSE,FALSE,FALSE,FALSE,FALSE,None,None,None,
Storeroom,Dark Ages,Action,,,,3,,10,FALSE,TRUE,FALSE,FALSE,FALSE,FALSE,FALSE,FALSE,None,None,None,
Urchin,Dark Ages,Action,Attack,,,3,,10,FALSE,TRUE,FALSE,FALSE,FALSE,FALSE,FALSE,FALSE,None,None,None,Mercenary
Mercenary,Dark Ages,Action,Attack,,,0,,10,FALSE,FALSE,FALSE,FALSE,TRUE,FALSE,FALSE,FALSE,None,None,None,
Vagrant,Dark Ages,Action,,,,2,,10,FALSE,TRUE,FALSE,FALSE,FALSE,FALSE,FALSE,FALSE,None,None,None,
Wandering Minstrel,Dark Ages,Action,,,,4,,10,FALSE,TRUE,FALSE,FALSE,FALSE,FALSE,FALSE,FALSE,None,None,None,
Adventurer,Dominion 1st Edition,Action,,,,6,,10,FALSE,TRUE,FALSE,FALSE,FALSE,FALSE,FALSE,FALSE,None,None,None,
Bureucrat,Dominion 1st Edition,Action,Attack,,,4,,10,FALSE,TRUE,FALSE,FALSE,FALSE,FALSE,FALSE,FALSE,None,None,None,
Cellar,Dominion 1st Edition,Action,,,,2,,10,FALSE,TRUE,FALSE,FALSE,FALSE,FALSE,FALSE,FALSE,None,None,None,
Chancellor,Dominion 1st Edition,Action,,,,3,,10,FALSE,TRUE,FALSE,FALSE,FALSE,FALSE,FALSE,FALSE,None,None,None,
Chapel,Dominion 1st Edition,Action,,,,2,,10,FALSE,TRUE,FALSE,FALSE,TRUE,FALSE,FALSE,FALSE,None,None,None,
Council Room,Dominion 1st Edition,Action,,,,5,,10,FALSE,TRUE,FALSE,FALSE,FALSE,FALSE,FALSE,FALSE,None,None,None,
Feast,Dominion 1st Edition,Action,,,,4,,10,FALSE,TRUE,FALSE,FALSE,FALSE,FALSE,FALSE,FALSE,None,None,None,
Festival,Dominion 1st Edition,Action,,,,5,,10,FALSE,TRUE,FALSE,FALSE,FALSE,FALSE,FALSE,FALSE,None,None,None,
Gardens,Dominion 1st Edition,Victory,,,,4,,12,FALSE,TRUE,FALSE,FALSE,FALSE,FALSE,FALSE,FALSE,None,None,None,
Labratory,Dominion 1st Edition,Action,,,,5,,10,FALSE,TRUE,FALSE,FALSE,FALSE,FALSE,FALSE,FALSE,None,None,None,
Library,Dominion 1st Edition,Action,,,,5,,10,FALSE,TRUE,FALSE,FALSE,FALSE,FALSE,FALSE,FALSE,None,None,None,
Market,Dominion 1st Edition,Action,,,,5,,10,FALSE,TRUE,FALSE,FALSE,FALSE,FALSE,FALSE,FALSE,None,None,None,
Militia,Dominion 1st Edition,Action,Attack,,,4,,10,FALSE,TRUE,FALSE,FALSE,FALSE,FALSE,FALSE,FALSE,None,None,None,
Mine,Dominion 1st Edition,Action,,,,5,,10,FALSE,TRUE,FALSE,FALSE,TRUE,FALSE,FALSE,FALSE,None,None,None,
Moat,Dominion 1st Edition,Action,Reaction,,,2,,10,FALSE,TRUE,FALSE,FALSE,FALSE,FALSE,FALSE,FALSE,None,None,None,
Moneylender,Dominion 1st Edition,Action,,,,4,,10,FALSE,TRUE,FALSE,FALSE,TRUE,FALSE,FALSE,FALSE,None,None,None,
Remodel,Dominion 1st Edition,Action,,,,4,,10,FALSE,TRUE,FALSE,FALSE,TRUE,FALSE,FALSE,FALSE,None,None,None,
Smithy,Dominion 1st Edition,Action,,,,4,,10,FALSE,TRUE,FALSE,FALSE,FALSE,FALSE,FALSE,FALSE,None,None,None,
Spy,Dominion 1st Edition,Action,Attack,,,4,,10,FALSE,TRUE,FALSE,FALSE,FALSE,FALSE,FALSE,FALSE,None,None,None,
Thief,Dominion 1st Edition,Action,Attack,,,4,,10,FALSE,TRUE,FALSE,FALSE,FALSE,FALSE,FALSE,FALSE,None,None,None,
Throne Room,Dominion 1st Edition,Action,,,,4,,10,FALSE,TRUE,FALSE,FALSE,FALSE,FALSE,FALSE,FALSE,None,None,None,
Village,Dominion 1st Edition,Action,,,,3,,10,FALSE,TRUE,FALSE,FALSE,FALSE,FALSE,FALSE,FALSE,None,None,None,
Witch,Dominion 1st Edition,Action,Attack,,,5,,10,FALSE,TRUE,FALSE,FALSE,FALSE,FALSE,TRUE,FALSE,None,None,None,
Woodcutter,Dominion 1st Edition,Action,,,,3,,10,FALSE,TRUE,FALSE,FALSE,FALSE,FALSE,FALSE,FALSE,None,None,None,
Workshop,Dominion 1st Edition,Action,,,,3,,10,FALSE,TRUE,FALSE,FALSE,FALSE,FALSE,FALSE,FALSE,None,None,None,
Artisan,Dominion 2nd Edition,Action,,,,6,,10,FALSE,TRUE,FALSE,FALSE,FALSE,FALSE,FALSE,FALSE,None,None,None,
Bandit,Dominion 2nd Edition,Action,Attack,,,5,,10,FALSE,TRUE,FALSE,FALSE,FALSE,FALSE,FALSE,FALSE,None,None,None,
Harbinger,Dominion 2nd Edition,Action,,,,3,,10,FALSE,TRUE,FALSE,FALSE,FALSE,FALSE,FALSE,FALSE,None,None,None,
Merchant,Dominion 2nd Edition,Action,,,,3,,10,FALSE,TRUE,FALSE,FALSE,FALSE,FALSE,FALSE,FALSE,None,None,None,
Poacher,Dominion 2nd Edition,Action,,,,4,,10,FALSE,TRUE,FALSE,FALSE,FALSE,FALSE,FALSE,FALSE,None,None,None,
Sentry,Dominion 2nd Edition,Action,,,,5,,10,FALSE,TRUE,FALSE,FALSE,TRUE,FALSE,FALSE,FALSE,None,None,None,
Vassal,Dominion 2nd Edition,Action,,,,3,,10,FALSE,TRUE,FALSE,FALSE,FALSE,FALSE,FALSE,FALSE,None,None,None,
Advance,Empires,Event,,,,0,,1,FALSE,FALSE,FALSE,FALSE,TRUE,FALSE,FALSE,FALSE,None,None,None,
Annex,Empires,Event,,,,0,8 Debt,1,FALSE,FALSE,FALSE,FALSE,FALSE,FALSE,FALSE,FALSE,None,None,None,
Archive,Empires,Action,Duration,,,5,,10,FALSE,TRUE,FALSE,FALSE,FALSE,FALSE,FALSE,FALSE,None,None,None,
Banquet,Empires,Event,,,,3,,1,FALSE,FALSE,FALSE,FALSE,FALSE,FALSE,FALSE,FALSE,None,None,None,
Capital,Empires,Treasure,,,,5,,10,FALSE,TRUE,FALSE,FALSE,FALSE,FALSE,FALSE,FALSE,None,None,None,
Conquest,Empires,Event,,,,6,,1,FALSE,FALSE,FALSE,FALSE,FALSE,FALSE,FALSE,FALSE,Point,None,None,
Humble Castle,Empires,Treasure,Victory,Castle,,3,,2,FALSE,TRUE,FALSE,FALSE,FALSE,FALSE,FALSE,FALSE,None,None,None,
Crumbling Castle,Empires,Victory,Castle,,,4,,1,FALSE,TRUE,TRUE,TRUE,FALSE,FALSE,FALSE,FALSE,None,None,None,
Small Castle,Empires,Action,Victory,Castle,,5,,2,FALSE,TRUE,FALSE,FALSE,TRUE,FALSE,FALSE,FALSE,None,None,None,
Haunted Castle,Empires,Victory,Castle,,,6,,1,FALSE,TRUE,FALSE,TRUE,FALSE,FALSE,FALSE,FALSE,None,None,None,
Opulent Castle,Empires,Action,Victory,Castle,,7,,2,FALSE,TRUE,FALSE,FALSE,FALSE,FALSE,FALSE,FALSE,None,None,None,
Sprawling Castle,Empires,Victory,Castle,,,8,,1,FALSE,TRUE,FALSE,TRUE,FALSE,FALSE,FALSE,FALSE,None,None,None,
Grand Castle,Empires,Victory,Castle,,,9,,1,FALSE,TRUE,FALSE,TRUE,FALSE,FALSE,FALSE,FALSE,None,None,None,
King's Castle,Empires,Victory,Castle,,,10,,2,FALSE,TRUE,FALSE,FALSE,FALSE,FALSE,FALSE,FALSE,None,None,None,
Engineer,Empires,Action,,,,0,4 Debt,10,FALSE,TRUE,FALSE,FALSE,FALSE,FALSE,FALSE,FALSE,Debt,None,None,
Catapult,Empires,Action,Attack,,,3,,5,FALSE,TRUE,FALSE,FALSE,TRUE,FALSE,TRUE,FALSE,None,None,None,
Rocks,Empires,Treasure,,,,4,,5,FALSE,TRUE,TRUE,TRUE,FALSE,FALSE,FALSE,FALSE,None,None,None,
Chariot Race,Empires,Action,,,,3,,10,FALSE,TRUE,FALSE,FALSE,FALSE,FALSE,FALSE,FALSE,Point,None,None,
Charm,Empires,Treasure,,,,5,,10,FALSE,TRUE,FALSE,FALSE,FALSE,FALSE,FALSE,FALSE,None,None,None,
City Quarter,Empires,Action,,,,0,8 Debt,10,FALSE,TRUE,FALSE,FALSE,FALSE,FALSE,FALSE,FALSE,Debt,None,None,
Crown,Empires,Action,Treasure,,,5,,10,FALSE,TRUE,FALSE,FALSE,FALSE,FALSE,FALSE,FALSE,None,None,None,
Delve,Empires,Event,,,,2,,1,FALSE,FALSE,FALSE,FALSE,FALSE,FALSE,FALSE,FALSE,None,None,None,
Dominate,Empires,Event,,,,14,,1,FALSE,FALSE,FALSE,FALSE,FALSE,FALSE,FALSE,FALSE,Point,None,None,
Donate,Empires,Event,,,,0,8 Debt,1,FALSE,FALSE,FALSE,FALSE,TRUE,FALSE,FALSE,FALSE,Debt,None,None,
Encampment,Empires,Action,,,,2,,5,FALSE,TRUE,FALSE,FALSE,FALSE,FALSE,FALSE,FALSE,None,None,None,
Plunder,Empires,Treasure,,,,5,,5,FALSE,TRUE,FALSE,FALSE,FALSE,FALSE,FALSE,FALSE,Point,None,None,
Enchantress,Empires,Action,Attack,Duration,,3,,10,FALSE,TRUE,FALSE,FALSE,FALSE,FALSE,FALSE,FALSE,None,None,None,
Ritual,Empires,Event,,,,4,,1,FALSE,FALSE,FALSE,FALSE,TRUE,FALSE,TRUE,FALSE,Point,None,None,
Salt The Earth,Empires,Event,,,,4,,1,FALSE,FALSE,FALSE,FALSE,FALSE,FALSE,FALSE,FALSE,Point,None,None,
Tax,Empires,Event,,,,2,,1,FALSE,FALSE,FALSE,FALSE,FALSE,TRUE,FALSE,FALSE,Debt,None,None,
Triumph,Empires,Event,,,,0,5 Debt,1,FALSE,FALSE,FALSE,FALSE,FALSE,FALSE,FALSE,FALSE,Point,Debt,None,
Wedding,Empires,Event,,,,4,3 Debt,1,FALSE,FALSE,FALSE,FALSE,FALSE,FALSE,FALSE,FALSE,Point,Debt,None,
Windfall,Empires,Event,,,,5,,1,FALSE,FALSE,FALSE,FALSE,FALSE,FALSE,FALSE,FALSE,None,None,None,
Farmers' Market,Empires,Action,Gathering,,,3,,10,FALSE,TRUE,FALSE,FALSE,FALSE,FALSE,FALSE,FALSE,Point,None,None,
Forum,Empires,Action,,,,5,,10,FALSE,TRUE,FALSE,FALSE,FALSE,FALSE,FALSE,FALSE,None,None,None,
Gladiator,Empires,Action,,,,3,,5,FALSE,TRUE,FALSE,FALSE,FALSE,FALSE,FALSE,FALSE,None,None,None,
Fortune,Empires,Treasure,,,,8,8 Debt,5,FALSE,TRUE,FALSE,TRUE,FALSE,FALSE,FALSE,FALSE,Debt,None,None,
Groundskeeper,Empires,Action,,,,5,,10,FALSE,TRUE,FALSE,FALSE,FALSE,FALSE,FALSE,FALSE,Point,None,None,
Aqueduct,Empires,Landmark,,,,N/A,,1,FALSE,FALSE,FALSE,FALSE,FALSE,TRUE,FALSE,FALSE,Point,None,None,
Arena,Empires,Landmark,,,,N/A,,1,FALSE,FALSE,FALSE,FALSE,FALSE,TRUE,FALSE,FALSE,Point,None,None,
Bandit Fort,Empires,Landmark,,,,N/A,,1,FALSE,FALSE,FALSE,FALSE,FALSE,FALSE,FALSE,FALSE,None,None,None,
Basilica,Empires,Landmark,,,,N/A,,1,FALSE,FALSE,FALSE,FALSE,FALSE,TRUE,FALSE,FALSE,Point,None,None,
Baths,Empires,Landmark,,,,N/A,,1,FALSE,FALSE,FALSE,FALSE,FALSE,TRUE,FALSE,FALSE,Point,None,None,
Battlefield,Empires,Landmark,,,,N/A,,1,FALSE,FALSE,FALSE,FALSE,FALSE,TRUE,FALSE,FALSE,Point,None,None,
Colonnade,Empires,Landmark,,,,N/A,,1,FALSE,FALSE,FALSE,FALSE,FALSE,TRUE,FALSE,FALSE,Point,None,None,
Defiled Shrine,Empires,Landmark,,,,N/A,,1,FALSE,FALSE,FALSE,FALSE,FALSE,TRUE,FALSE,FALSE,Point,None,None,
Fountain,Empires,Landmark,,,,N/A,,1,FALSE,FALSE,FALSE,FALSE,FALSE,FALSE,FALSE,FALSE,None,None,None,
Keep,Empires,Landmark,,,,N/A,,1,FALSE,FALSE,FALSE,FALSE,FALSE,FALSE,FALSE,FALSE,None,None,None,
Labyrinth,Empires,Landmark,,,,N/A,,1,FALSE,FALSE,FALSE,FALSE,FALSE,TRUE,FALSE,FALSE,Point,None,None,
Mountain Pass,Empires,Landmark,,,,N/A,,1,FALSE,FALSE,FALSE,FALSE,FALSE,FALSE,FALSE,FALSE,Point,Debt,None,
Museum,Empires,Landmark,,,,N/A,,1,FALSE,FALSE,FALSE,FALSE,FALSE,FALSE,FALSE,FALSE,None,None,None,
Obelisk,Empires,Landmark,,,,N/A,,1,FALSE,FALSE,FALSE,FALSE,FALSE,TRUE,FALSE,FALSE,None,None,None,
Orchard,Empires,Landmark,,,,N/A,,1,FALSE,FALSE,FALSE,FALSE,FALSE,FALSE,FALSE,FALSE,None,None,None,
Palace,Empires,Landmark,,,,N/A,,1,FALSE,FALSE,FALSE,FALSE,FALSE,FALSE,FALSE,FALSE,None,None,None,
Tomb,Empires,Landmark,,,,N/A,,1,FALSE,FALSE,FALSE,FALSE,FALSE,FALSE,FALSE,FALSE,Point,None,None,
Tower,Empires,Landmark,,,,N/A,,1,FALSE,FALSE,FALSE,FALSE,FALSE,FALSE,FALSE,FALSE,None,None,None,
Triumphal Arch,Empires,Landmark,,,,N/A,,1,FALSE,FALSE,FALSE,FALSE,FALSE,FALSE,FALSE,FALSE,None,None,None,
Wall,Empires,Landmark,,,,N/A,,1,FALSE,FALSE,FALSE,FALSE,FALSE,FALSE,FALSE,FALSE,None,None,None,
Wolf Den,Empires,Landmark,,,,N/A,,1,FALSE,FALSE,FALSE,FALSE,FALSE,FALSE,FALSE,FALSE,None,None,None,
Legionary,Empires,Action,Attack,,,5,,10,FALSE,TRUE,FALSE,FALSE,FALSE,FALSE,FALSE,FALSE,None,None,None,
Overlord,Empires,Action,,,,0,8 Debt,10,FALSE,TRUE,FALSE,FALSE,FALSE,FALSE,FALSE,FALSE,None,None,None,
Patrician,Empires,Action,,,,2,,5,FALSE,TRUE,FALSE,FALSE,FALSE,FALSE,FALSE,FALSE,None,None,None,
Emporium,Empires,Action,,,,5,,5,FALSE,TRUE,FALSE,TRUE,FALSE,FALSE,FALSE,FALSE,Point,None,None,
Royal Blacksmith,Empires,Action,,,,0,8 Debt,10,FALSE,TRUE,FALSE,FALSE,FALSE,FALSE,FALSE,FALSE,None,None,None,
Sacrifice,Empires,Action,,,,4,,10,FALSE,TRUE,FALSE,FALSE,TRUE,FALSE,FALSE,FALSE,Point,None,None,
Settlers,Empires,Action,,,,2,,5,FALSE,TRUE,FALSE,FALSE,FALSE,FALSE,FALSE,FALSE,None,None,None,
Bustling Village,Empires,Action,,,,5,,5,FALSE,TRUE,FALSE,FALSE,FALSE,FALSE,FALSE,FALSE,None,None,None,
Temple,Empires,Action,Gathering,,,4,,10,FALSE,TRUE,FALSE,TRUE,TRUE,FALSE,FALSE,FALSE,Point,None,None,
Villa,Empires,Action,,,,4,,10,FALSE,TRUE,FALSE,TRUE,FALSE,FALSE,FALSE,FALSE,None,None,None,
Wild Hunt,Empires,Action,Gathering,,,5,,10,FALSE,TRUE,FALSE,FALSE,FALSE,FALSE,FALSE,FALSE,Point,None,None,
Advisor,Guilds,Action,,,,4,,10,FALSE,TRUE,FALSE,FALSE,FALSE,FALSE,FALSE,FALSE,None,None,None,
Baker,Guilds,Action,,,,5,,10,FALSE,TRUE,FALSE,FALSE,FALSE,TRUE,FALSE,FALSE,Coin,None,None,
Butcher,Guilds,Action,,,,5,,10,FALSE,TRUE,FALSE,FALSE,TRUE,FALSE,FALSE,FALSE,Coin,None,None,
Candlestick Maker,Guilds,Action,,,,2,,10,FALSE,TRUE,FALSE,FALSE,FALSE,FALSE,FALSE,FALSE,Coin,None,None,
Doctor,Guilds,Action,,,,3,,10,TRUE,TRUE,FALSE,FALSE,TRUE,FALSE,FALSE,FALSE,None,None,None,
Herald,Guilds,Action,,,,4,,10,TRUE,TRUE,FALSE,FALSE,FALSE,FALSE,FALSE,FALSE,None,None,None,
Journeyman,Guilds,Action,,,,5,,10,FALSE,TRUE,FALSE,FALSE,FALSE,FALSE,FALSE,FALSE,None,None,None,
Masterpiece,Guilds,Treasure,,,,3,,10,TRUE,FALSE,FALSE,FALSE,FALSE,FALSE,FALSE,FALSE,None,None,None,
Merchant Guild,Guilds,Action,,,,5,,10,FALSE,TRUE,FALSE,FALSE,FALSE,FALSE,FALSE,FALSE,Coin,None,None,
Plaza,Guilds,Action,,,,4,,10,FALSE,TRUE,FALSE,FALSE,FALSE,FALSE,FALSE,FALSE,Coin,None,None,
Soothsayer,Guilds,Action,Attack,,,5,,10,FALSE,TRUE,FALSE,FALSE,FALSE,FALSE,TRUE,FALSE,None,None,None,
Stonemason,Guilds,Action,,,,2,,10,TRUE,TRUE,FALSE,FALSE,TRUE,FALSE,FALSE,FALSE,None,None,None,
Taxman,Guilds,Action,Attack,,,4,,10,FALSE,TRUE,FALSE,FALSE,TRUE,FALSE,FALSE,FALSE,None,None,None,
Border Village,Hinterlands,Action,,,,6,,10,FALSE,TRUE,FALSE,TRUE,FALSE,FALSE,FALSE,FALSE,None,None,None,
Cache,Hinterlands,Treasure,,,,5,,10,FALSE,TRUE,FALSE,TRUE,FALSE,FALSE,FALSE,FALSE,None,None,None,
Cartographer,Hinterlands,Action,,,,5,,10,FALSE,TRUE,FALSE,FALSE,FALSE,FALSE,FALSE,FALSE,None,None,None,
Crossroads,Hinterlands,Action,,,,2,,10,FALSE,TRUE,FALSE,FALSE,FALSE,FALSE,FALSE,FALSE,None,None,None,
Develop,Hinterlands,Action,,,,3,,10,FALSE,TRUE,FALSE,FALSE,TRUE,FALSE,FALSE,FALSE,None,None,None,
Duchess,Hinterlands,Action,,,,2,,10,FALSE,TRUE,FALSE,FALSE,FALSE,FALSE,FALSE,FALSE,None,None,None,
Embassy,Hinterlands,Action,,,,5,,10,FALSE,TRUE,FALSE,TRUE,FALSE,FALSE,FALSE,FALSE,None,None,None,
Farmland,Hinterlands,Victory,,,,6,,12,FALSE,TRUE,FALSE,FALSE,TRUE,FALSE,FALSE,FALSE,None,None,None,
Fool's Gold,Hinterlands,Treasure,Reaction,,,2,,10,FALSE,TRUE,FALSE,FALSE,FALSE,FALSE,FALSE,FALSE,None,None,None,
Haggler,Hinterlands,Action,,,,5,,10,FALSE,TRUE,FALSE,FALSE,FALSE,FALSE,FALSE,FALSE,None,None,None,
Highway,Hinterlands,Action,,,,5,,10,FALSE,TRUE,FALSE,FALSE,FALSE,FALSE,FALSE,TRUE,None,None,None,
Ill-Gotten Gains,Hinterlands,Treasure,,,,5,,10,FALSE,TRUE,FALSE,TRUE,FALSE,FALSE,TRUE,FALSE,None,None,None,
Inn,Hinterlands,Action,,,,5,,10,FALSE,TRUE,FALSE,TRUE,FALSE,FALSE,FALSE,FALSE,None,None,None,
Jack Of All Trades,Hinterlands,Action,,,,4,,10,FALSE,TRUE,FALSE,FALSE,TRUE,FALSE,FALSE,FALSE,None,None,None,
Mandarin,Hinterlands,Action,,,,5,,10,FALSE,TRUE,FALSE,TRUE,FALSE,FALSE,FALSE,FALSE,None,None,None,
Margrave,Hinterlands,Action,Attack,,,5,,10,FALSE,TRUE,FALSE,FALSE,FALSE,FALSE,FALSE,FALSE,None,None,None,
Noble Brigand,Hinterlands,Action,Attack,,,4,,10,FALSE,TRUE,FALSE,FALSE,FALSE,FALSE,FALSE,FALSE,None,None,None,
Nomad Camp,Hinterlands,Action,,,,4,,10,FALSE,TRUE,FALSE,TRUE,FALSE,FALSE,FALSE,FALSE,None,None,None,
Oasis,Hinterlands,Action,,,,3,,10,FALSE,TRUE,FALSE,FALSE,FALSE,FALSE,FALSE,FALSE,None,None,None,
Oracle,Hinterlands,Action,Attack,,,3,,10,FALSE,TRUE,FALSE,FALSE,FALSE,FALSE,FALSE,FALSE,None,None,None,
Scheme,Hinterlands,Action,,,,3,,10,FALSE,TRUE,FALSE,FALSE,FALSE,FALSE,FALSE,FALSE,None,None,None,
Silk Road,Hinterlands,Victory,,,,4,,12,FALSE,TRUE,FALSE,FALSE,FALSE,FALSE,FALSE,FALSE,None,None,None,
Silk Merchant,Hinterlands,Action,,,,4,,10,FALSE,TRUE,FALSE,FALSE,TRUE,FALSE,FALSE,FALSE,None,None,None,
Stables,Hinterlands,Action,,,,5,,10,FALSE,TRUE,FALSE,FALSE,FALSE,FALSE,FALSE,FALSE,None,None,None,
Traders,Hinterlands,Action,Reaction,,,4,,10,FALSE,TRUE,FALSE,FALSE,TRUE,FALSE,FALSE,FALSE,None,None,None,
Tunnel,Hinterlands,Victory,Reaction,,,3,,12,FALSE,TRUE,FALSE,FALSE,FALSE,FALSE,FALSE,FALSE,None,None,None,
Baron,Intrigue 1st Edition,Action,,,,4,,10,FALSE,TRUE,FALSE,FALSE,FALSE,FALSE,FALSE,FALSE,None,None,None,
Bridge,Intrigue 1st Edition,Action,,,,4,,10,FALSE,TRUE,FALSE,FALSE,FALSE,FALSE,FALSE,TRUE,None,None,None,
Conspirator,Intrigue 1st Edition,Action,,,,4,,10,FALSE,TRUE,FALSE,FALSE,FALSE,FALSE,FALSE,FALSE,None,None,None,
Coppersmith,Intrigue 1st Edition,Action,,,,4,,10,FALSE,TRUE,FALSE,FALSE,FALSE,FALSE,FALSE,FALSE,None,None,None,
Courtyard,Intrigue 1st Edition,Action,,,,2,,10,FALSE,TRUE,FALSE,FALSE,FALSE,FALSE,FALSE,FALSE,None,None,None,
Duke,Intrigue 1st Edition,Victory,,,,5,,12,FALSE,TRUE,FALSE,FALSE,FALSE,FALSE,FALSE,FALSE,None,None,None,
Great Hall,Intrigue 1st Edition,Action,Victory,,,3,,12,FALSE,TRUE,FALSE,FALSE,FALSE,FALSE,FALSE,FALSE,None,None,None,
Harem,Intrigue 1st Edition,Treasure,Victory,,,6,,12,FALSE,TRUE,FALSE,FALSE,FALSE,FALSE,FALSE,FALSE,None,None,None,
Ironworks,Intrigue 1st Edition,Action,,,,4,,10,FALSE,TRUE,FALSE,FALSE,FALSE,FALSE,FALSE,FALSE,None,None,None,
Masquerade,Intrigue 1st Edition,Action,,,,3,,10,FALSE,TRUE,FALSE,FALSE,TRUE,FALSE,FALSE,FALSE,None,None,None,
Mining Village,Intrigue 1st Edition,Action,,,,4,,10,FALSE,TRUE,FALSE,FALSE,FALSE,FALSE,FALSE,FALSE,None,None,None,
Minion,Intrigue 1st Edition,Action,Attack,,,5,,10,FALSE,TRUE,FALSE,FALSE,FALSE,FALSE,FALSE,FALSE,None,None,None,
Nobles,Intrigue 1st Edition,Action,Victory,,,6,,12,FALSE,TRUE,FALSE,FALSE,FALSE,FALSE,FALSE,FALSE,None,None,None,
Pawn,Intrigue 1st Edition,Action,,,,2,,10,FALSE,TRUE,FALSE,FALSE,FALSE,FALSE,FALSE,FALSE,None,None,None,
Saboteur,Intrigue 1st Edition,Action,Attack,,,5,,10,FALSE,TRUE,FALSE,FALSE,FALSE,FALSE,FALSE,FALSE,None,None,None,
Scout,Intrigue 1st Edition,Action,,,,4,,10,FALSE,TRUE,FALSE,FALSE,FALSE,FALSE,FALSE,FALSE,None,None,None,
Secret Chamber,Intrigue 1st Edition,Action,Reaction,,,2,,10,FALSE,TRUE,FALSE,FALSE,FALSE,FALSE,FALSE,FALSE,None,None,None,
Shanty Town,Intrigue 1st Edition,Action,,,,3,,10,FALSE,TRUE,FALSE,FALSE,FALSE,FALSE,FALSE,FALSE,None,None,None,
Steward,Intrigue 1st Edition,Action,,,,3,,10,FALSE,TRUE,FALSE,FALSE,TRUE,FALSE,FALSE,FALSE,None,None,None,
Swindler,Intrigue 1st Edition,Action,Attack,,,3,,10,FALSE,TRUE,FALSE,FALSE,FALSE,FALSE,FALSE,FALSE,None,None,None,
Torturer,Intrigue 1st Edition,Action,Attack,,,5,,10,FALSE,TRUE,FALSE,FALSE,FALSE,FALSE,TRUE,FALSE,None,None,None,
Trading Post,Intrigue 1st Edition,Action,,,,5,,10,FALSE,TRUE,FALSE,FALSE,TRUE,FALSE,FALSE,FALSE,None,None,None,
Tribute,Intrigue 1st Edition,Action,,,,5,,10,FALSE,TRUE,FALSE,FALSE,FALSE,FALSE,FALSE,FALSE,None,None,None,
Upgrade,Intrigue 1st Edition,Action,,,,5,,10,FALSE,TRUE,FALSE,FALSE,TRUE,FALSE,FALSE,FALSE,None,None,None,
Wishing Well,Intrigue 1st Edition,Action,,,,3,,10,FALSE,TRUE,FALSE,FALSE,FALSE,FALSE,FALSE,FALSE,None,None,None,
Courtier,Intrigue 2nd Edition,Action,,,,5,,10,FALSE,TRUE,FALSE,FALSE,FALSE,FALSE,FALSE,FALSE,None,None,None,
Diplomat,Intrigue 2nd Edition,Action,Reaction,,,4,,10,FALSE,TRUE,FALSE,FALSE,FALSE,FALSE,FALSE,FALSE,None,None,None,
Lurker,Intrigue 2nd Edition,Action,,,,2,,10,FALSE,TRUE,FALSE,FALSE,FALSE,FALSE,FALSE,FALSE,None,None,None,
Mill,Intrigue 2nd Edition,Action,Victory,,,4,,12,FALSE,TRUE,FALSE,FALSE,FALSE,FALSE,FALSE,FALSE,None,None,None,
Patrol,Intrigue 2nd Edition,Action,,,,5,,10,FALSE,TRUE,FALSE,FALSE,FALSE,FALSE,FALSE,FALSE,None,None,None,
Replace,Intrigue 2nd Edition,Action,Attack,,,5,,10,FALSE,TRUE,FALSE,FALSE,TRUE,FALSE,TRUE,FALSE,None,None,None,
Secret Passage,Intrigue 2nd Edition,Action,,,,4,,10,FALSE,TRUE,FALSE,FALSE,FALSE,FALSE,FALSE,FALSE,None,None,None,
Animal Fair,Menagerie,Action,,,,7,,10,TRUE,TRUE,FALSE,FALSE,FALSE,FALSE,FALSE,FALSE,None,None,None,
Barge,Menagerie,Action,Duration,,,5,,10,FALSE,TRUE,FALSE,FALSE,FALSE,FALSE,FALSE,FALSE,None,None,None,
Black Cat,Menagerie,Action,Attack,Reaction,,2,,10,FALSE,TRUE,FALSE,FALSE,FALSE,FALSE,TRUE,FALSE,None,None,None,
Bounty Hunter,Menagerie,Action,,,,4,,10,FALSE,TRUE,FALSE,FALSE,FALSE,FALSE,FALSE,FALSE,None,None,Exile,
Camel Train,Menagerie,Action,,,,3,,10,FALSE,TRUE,FALSE,TRUE,FALSE,FALSE,FALSE,FALSE,None,None,Exile,
Cardinal,Menagerie,Action,Attack,,,4,,10,FALSE,TRUE,FALSE,FALSE,FALSE,FALSE,FALSE,FALSE,None,None,Exile,
Cavalry,Menagerie,Action,,,,4,,10,FALSE,TRUE,FALSE,TRUE,FALSE,FALSE,FALSE,FALSE,None,None,None,Horse
Coven,Menagerie,Action,Attack,,,5,,10,FALSE,TRUE,FALSE,FALSE,FALSE,FALSE,TRUE,FALSE,None,None,Exile,
Destrier,Menagerie,Action,,,,6,,10,TRUE,TRUE,FALSE,FALSE,FALSE,FALSE,FALSE,FALSE,None,None,None,
Displace,Menagerie,Action,,,,5,,10,FALSE,TRUE,FALSE,FALSE,FALSE,FALSE,FALSE,FALSE,None,None,Exile,
Falconer,Menagerie,Action,Reaction,,,5,,10,FALSE,TRUE,FALSE,FALSE,FALSE,FALSE,FALSE,FALSE,None,None,None,
Fisherman,Menagerie,Action,,,,5,,10,TRUE,TRUE,FALSE,FALSE,FALSE,FALSE,FALSE,FALSE,None,None,None,
Gatekeeper,Menagerie,Action,Duration,Attack,,5,,10,FALSE,TRUE,FALSE,FALSE,FALSE,FALSE,FALSE,FALSE,None,None,Exile,
Goatherd,Menagerie,Action,,,,3,,10,FALSE,TRUE,FALSE,FALSE,TRUE,FALSE,FALSE,FALSE,None,None,None,
Groom,Menagerie,Action,,,,4,,10,FALSE,TRUE,FALSE,FALSE,FALSE,FALSE,FALSE,FALSE,None,None,None,Horse
Horse,Menagerie,Action,,,,3,,30,FALSE,FALSE,FALSE,FALSE,FALSE,FALSE,FALSE,FALSE,None,None,None,
Hostelry,Menagerie,Action,,,,4,,10,FALSE,TRUE,FALSE,TRUE,FALSE,FALSE,FALSE,FALSE,None,None,None,Horse
Hunting Lodge,Menagerie,Action,,,,5,,10,FALSE,TRUE,FALSE,FALSE,FALSE,FALSE,FALSE,FALSE,None,None,None,
Kiln,Menagerie,Action,,,,5,,10,FALSE,TRUE,FALSE,FALSE,FALSE,FALSE,FALSE,FALSE,None,None,None,
Livery,Menagerie,Action,,,,5,,10,FALSE,TRUE,FALSE,FALSE,FALSE,FALSE,FALSE,FALSE,None,None,None,Horse
Mastermind,Menagerie,Action,Duration,,,5,,10,FALSE,TRUE,FALSE,FALSE,FALSE,FALSE,FALSE,FALSE,None,None,None,
Paddock,Menagerie,Action,,,,5,,10,FALSE,TRUE,FALSE,FALSE,FALSE,FALSE,FALSE,FALSE,None,None,None,Horse
Sanctuary,Menagerie,Action,,,,5,,10,FALSE,TRUE,FALSE,FALSE,FALSE,FALSE,FALSE,FALSE,None,None,Exile,
Scrap,Menagerie,Action,,,,3,,10,FALSE,TRUE,FALSE,FALSE,TRUE,FALSE,FALSE,FALSE,None,None,None,Horse
Sheepdog,Menagerie,Action,Reaction,,,3,,10,FALSE,TRUE,FALSE,FALSE,FALSE,FALSE,FALSE,FALSE,None,None,None,
Sleigh,Menagerie,Action,Reaction,,,2,,10,FALSE,TRUE,FALSE,FALSE,FALSE,FALSE,FALSE,FALSE,None,None,None,Horse
Snowy Village,Menagerie,Action,,,,3,,10,FALSE,TRUE,FALSE,FALSE,FALSE,FALSE,FALSE,FALSE,None,None,None,
Stockpile,Menagerie,Treasure,,,,3,,10,FALSE,TRUE,FALSE,FALSE,FALSE,FALSE,FALSE,FALSE,None,None,Exile,
Supplies,Menagerie,Treasure,,,,2,,10,FALSE,TRUE,FALSE,FALSE,FALSE,FALSE,FALSE,FALSE,None,None,None,Horse
Village Green,Menagerie,Action,Duration,Reaction,,4,,10,FALSE,TRUE,FALSE,FALSE,FALSE,FALSE,FALSE,FALSE,None,None,None,
Wayfarer,Menagerie,Action,,,,6,,10,TRUE,TRUE,FALSE,FALSE,FALSE,FALSE,FALSE,FALSE,None,None,None,
Alliance,Menagerie,Event,,,,10,,1,FALSE,FALSE,FALSE,FALSE,FALSE,FALSE,FALSE,FALSE,None,None,None,
Banish,Menagerie,Event,,,,4,,1,FALSE,FALSE,FALSE,FALSE,FALSE,FALSE,FALSE,FALSE,None,None,Exile,
Bargain,Menagerie,Event,,,,4,,1,FALSE,FALSE,FALSE,FALSE,FALSE,FALSE,FALSE,FALSE,None,None,None,Horse
Commerce,Menagerie,Event,,,,5,,1,FALSE,FALSE,FALSE,FALSE,FALSE,FALSE,FALSE,FALSE,None,None,None,
Delay,Menagerie,Event,,,,0,,1,FALSE,FALSE,FALSE,FALSE,FALSE,FALSE,FALSE,FALSE,None,None,None,
Demand,Menagerie,Event,,,,5,,1,FALSE,FALSE,FALSE,FALSE,FALSE,FALSE,FALSE,FALSE,None,None,None,Horse
Desperation,Menagerie,Event,,,,0,,1,FALSE,FALSE,FALSE,FALSE,FALSE,FALSE,TRUE,FALSE,None,None,None,
Enclave,Menagerie,Event,,,,8,,1,FALSE,FALSE,FALSE,FALSE,FALSE,FALSE,FALSE,FALSE,None,None,Exile,
Enhance,Menagerie,Event,,,,3,,1,FALSE,FALSE,FALSE,FALSE,TRUE,FALSE,FALSE,FALSE,None,None,None,
Gamble,Menagerie,Event,,,,2,,1,FALSE,FALSE,FALSE,FALSE,FALSE,FALSE,FALSE,FALSE,None,None,None,
Invest,Menagerie,Event,,,,4,,1,FALSE,FALSE,FALSE,FALSE,FALSE,FALSE,FALSE,FALSE,None,None,Exile,
March,Menagerie,Event,,,,3,,1,FALSE,FALSE,FALSE,FALSE,FALSE,FALSE,FALSE,FALSE,None,None,None,
Populate,Menagerie,Event,,,,10,,1,FALSE,FALSE,FALSE,FALSE,FALSE,FALSE,FALSE,FALSE,None,None,None,
Pursue,Menagerie,Event,,,,2,,1,FALSE,FALSE,FALSE,FALSE,FALSE,FALSE,FALSE,FALSE,None,None,None,
Reap,Menagerie,Event,,,,7,,1,FALSE,FALSE,FALSE,FALSE,FALSE,FALSE,FALSE,FALSE,None,None,None,
Ride,Menagerie,Event,,,,2,,1,FALSE,FALSE,FALSE,FALSE,FALSE,FALSE,FALSE,FALSE,None,None,None,Horse
Seize The Day,Menagerie,Event,,,,4,,1,FALSE,FALSE,FALSE,FALSE,FALSE,FALSE,FALSE,FALSE,None,None,None,
Stempede,Menagerie,Event,,,,5,,1,FALSE,FALSE,FALSE,FALSE,FALSE,FALSE,FALSE,FALSE,None,None,None,Horse
Toil,Menagerie,Event,,,,2,,1,FALSE,FALSE,FALSE,FALSE,FALSE,FALSE,FALSE,FALSE,None,None,None,
Transport,Menagerie,Event,,,,3,,1,FALSE,FALSE,FALSE,FALSE,FALSE,FALSE,FALSE,FALSE,None,None,Exile,
Way Of The Butterfly,Menagerie,Way,,,,N/A,,1,FALSE,FALSE,FALSE,FALSE,FALSE,FALSE,FALSE,FALSE,None,None,None,
Way Of The Camel,Menagerie,Way,,,,N/A,,1,FALSE,FALSE,FALSE,FALSE,FALSE,FALSE,FALSE,FALSE,None,None,Exile,
Way Of The Chameleon,Menagerie,Way,,,,N/A,,1,FALSE,FALSE,FALSE,FALSE,FALSE,FALSE,FALSE,FALSE,None,None,None,
Way Of The Frog,Menagerie,Way,,,,N/A,,1,FALSE,FALSE,FALSE,FALSE,FALSE,FALSE,FALSE,FALSE,None,None,None,
Way Of The Goat,Menagerie,Way,,,,N/A,,1,FALSE,FALSE,FALSE,FALSE,TRUE,FALSE,FALSE,FALSE,None,None,None,
Way Of The Goat,Menagerie,Way,,,,N/A,,1,FALSE,FALSE,FALSE,FALSE,FALSE,FALSE,FALSE,FALSE,None,None,None,
Way Of The Mole,Menagerie,Way,,,,N/A,,1,FALSE,FALSE,FALSE,FALSE,FALSE,FALSE,FALSE,FALSE,None,None,None,
Way Of The Monkey,Menagerie,Way,,,,N/A,,1,FALSE,FALSE,FALSE,FALSE,FALSE,FALSE,FALSE,FALSE,None,None,None,
Way Of The Mouse,Menagerie,Way,,,,N/A,,1,FALSE,FALSE,FALSE,FALSE,FALSE,TRUE,FALSE,FALSE,None,None,None,
Way Of The Mule,Menagerie,Way,,,,N/A,,1,FALSE,FALSE,FALSE,FALSE,FALSE,FALSE,FALSE,FALSE,None,None,None,
Way Of The Otter,Menagerie,Way,,,,N/A,,1,FALSE,FALSE,FALSE,FALSE,FALSE,FALSE,FALSE,FALSE,None,None,None,
Way Of The Owl,Menagerie,Way,,,,N/A,,1,FALSE,FALSE,FALSE,FALSE,FALSE,FALSE,FALSE,FALSE,None,None,None,
Way Of The Ox,Menagerie,Way,,,,N/A,,1,FALSE,FALSE,FALSE,FALSE,FALSE,FALSE,FALSE,FALSE,None,None,None,
Way Of The Pig,Menagerie,Way,,,,N/A,,1,FALSE,FALSE,FALSE,FALSE,FALSE,FALSE,FALSE,FALSE,None,None,None,
Way Of The Rat,Menagerie,Way,,,,N/A,,1,FALSE,FALSE,FALSE,FALSE,FALSE,FALSE,FALSE,FALSE,None,None,None,
Way Of The Seal,Menagerie,Way,,,,N/A,,1,FALSE,FALSE,FALSE,FALSE,FALSE,FALSE,FALSE,FALSE,None,None,None,
Way Of The Sheep,Menagerie,Way,,,,N/A,,1,FALSE,FALSE,FALSE,FALSE,FALSE,FALSE,FALSE,FALSE,None,None,None,
Way Of The Squirrel,Menagerie,Way,,,,N/A,,1,FALSE,FALSE,FALSE,FALSE,FALSE,FALSE,FALSE,FALSE,None,None,None,
Way Of The Turtle,Menagerie,Way,,,,N/A,,1,FALSE,FALSE,FALSE,FALSE,FALSE,FALSE,FALSE,FALSE,None,None,None,
Way Of The Worm,Menagerie,Way,,,,N/A,,1,FALSE,FALSE,FALSE,FALSE,FALSE,FALSE,FALSE,FALSE,None,None,Exile,
Bard,Nocturne,Action,Fate,,,4,,10,FALSE,TRUE,FALSE,FALSE,FALSE,FALSE,FALSE,FALSE,None,None,None,Boons
Blessed Village,Nocturne,Action,Fate,,,4,,10,FALSE,TRUE,FALSE,TRUE,FALSE,FALSE,FALSE,FALSE,None,None,None,Boons
The Wind's Gift,Nocturne,Boon,,,,N/A,,1,FALSE,FALSE,FALSE,FALSE,FALSE,FALSE,FALSE,FALSE,None,None,None,
The Flame's Gift,Nocturne,Boon,,,,N/A,,1,FALSE,FALSE,FALSE,FALSE,TRUE,FALSE,FALSE,FALSE,None,None,None,
The Field's Gift,Nocturne,Boon,,,,N/A,,1,FALSE,FALSE,FALSE,FALSE,FALSE,FALSE,FALSE,FALSE,None,None,None,
The Swamp's Gift,Nocturne,Boon,,,,N/A,,1,FALSE,FALSE,FALSE,FALSE,FALSE,FALSE,FALSE,FALSE,None,None,None,Will-o'-Wisp
The Mountain's Gift,Nocturne,Boon,,,,N/A,,1,FALSE,FALSE,FALSE,FALSE,FALSE,FALSE,FALSE,FALSE,None,None,None,
The Sky's Gift,Nocturne,Boon,,,,N/A,,1,FALSE,FALSE,FALSE,FALSE,FALSE,FALSE,FALSE,FALSE,None,None,None,
The River's Gift,Nocturne,Boon,,,,N/A,,1,FALSE,FALSE,FALSE,FALSE,FALSE,FALSE,FALSE,FALSE,None,None,None,
The Forest's Gift,Nocturne,Boon,,,,N/A,,1,FALSE,FALSE,FALSE,FALSE,FALSE,FALSE,FALSE,FALSE,None,None,None,
The Sea's Gift,Nocturne,Boon,,,,N/A,,1,FALSE,FALSE,FALSE,FALSE,FALSE,FALSE,FALSE,FALSE,None,None,None,
The Moon's Gift,Nocturne,Boon,,,,N/A,,1,FALSE,FALSE,FALSE,FALSE,FALSE,FALSE,FALSE,FALSE,None,None,None,
The Sun's Gift,Nocturne,Boon,,,,N/A,,1,FALSE,FALSE,FALSE,FALSE,FALSE,FALSE,FALSE,FALSE,None,None,None,
The Earth's Gift,Nocturne,Boon,,,,N/A,,1,FALSE,FALSE,FALSE,FALSE,FALSE,FALSE,FALSE,FALSE,None,None,None,
Changeling,Nocturne,Night,,,,3,,10,FALSE,TRUE,FALSE,FALSE,FALSE,FALSE,FALSE,FALSE,None,None,None,
Cemetery,Nocturne,Victory,,,,4,,12,FALSE,TRUE,FALSE,TRUE,TRUE,FALSE,FALSE,FALSE,None,None,None,Haunted Mirror
Haunted Mirror,Nocturne,Treasure,Heirloom,,,0,,6,FALSE,FALSE,TRUE,FALSE,FALSE,TRUE,FALSE,FALSE,None,None,None,Ghost
Cobbler,Nocturne,Night,Duration,,,5,,10,FALSE,TRUE,FALSE,FALSE,FALSE,FALSE,FALSE,FALSE,None,None,None,
Conclave,Nocturne,Action,,,,4,,10,FALSE,TRUE,FALSE,FALSE,FALSE,FALSE,FALSE,FALSE,None,None,None,
Crypt,Nocturne,Night,Duration,,,5,,10,FALSE,TRUE,FALSE,FALSE,FALSE,FALSE,FALSE,FALSE,None,None,None,
Cursed Village,Nocturne,Action,Doom,,,5,,10,FALSE,TRUE,FALSE,TRUE,FALSE,FALSE,FALSE,FALSE,None,None,None,Hexes
Den Of Sin,Nocturne,Night,Duration,,,5,,10,FALSE,TRUE,FALSE,TRUE,FALSE,FALSE,FALSE,FALSE,None,None,None,
Devil's Workshop,Nocturne,Night,,,,4,,10,FALSE,TRUE,FALSE,FALSE,FALSE,FALSE,FALSE,FALSE,None,None,None,Imp
Druid,Nocturne,Action,Fate,,,2,,10,FALSE,TRUE,FALSE,FALSE,FALSE,TRUE,FALSE,FALSE,None,None,None,Boons
Exorcist,Nocturne,Night,,,,4,,10,FALSE,TRUE,FALSE,FALSE,TRUE,FALSE,FALSE,FALSE,None,None,None,"Will-o'-Wisp, Imp, Ghost"
Faithful Hound,Nocturne,Action,Reaction,,,2,,10,FALSE,TRUE,FALSE,FALSE,FALSE,FALSE,FALSE,FALSE,None,None,None,
Fool,Nocturne,Action,Fate,,,3,,10,FALSE,TRUE,FALSE,FALSE,FALSE,FALSE,FALSE,FALSE,None,None,None,"Boons, Lost in the Woods"
Lucky Coin,Nocturne,Treasure,Heirloom,,,4,,6,FALSE,FALSE,FALSE,FALSE,FALSE,TRUE,FALSE,FALSE,None,None,None,
Ghost,Nocturne,Night,Duration,Spirit,,4,,6,FALSE,FALSE,FALSE,FALSE,FALSE,FALSE,FALSE,FALSE,None,None,None,
Ghost Town,Nocturne,Night,Duration,,,3,,10,FALSE,TRUE,FALSE,TRUE,FALSE,FALSE,FALSE,FALSE,None,None,None,
Guardian,Nocturne,Night,Duration,,,2,,10,FALSE,TRUE,FALSE,TRUE,FALSE,FALSE,FALSE,FALSE,None,None,None,
Fear,Nocturne,Hex,,,,N/A,,1,FALSE,FALSE,FALSE,FALSE,FALSE,FALSE,FALSE,FALSE,None,None,None,
Bad Omens,Nocturne,Hex,,,,N/A,,1,FALSE,FALSE,FALSE,FALSE,FALSE,FALSE,FALSE,FALSE,None,None,None,
Poverty,Nocturne,Hex,,,,N/A,,1,FALSE,FALSE,FALSE,FALSE,FALSE,FALSE,FALSE,FALSE,None,None,None,
Haunting,Nocturne,Hex,,,,N/A,,1,FALSE,FALSE,FALSE,FALSE,FALSE,FALSE,FALSE,FALSE,None,None,None,
Locusts,Nocturne,Hex,,,,N/A,,1,FALSE,FALSE,FALSE,FALSE,TRUE,FALSE,TRUE,FALSE,None,None,None,
War,Nocturne,Hex,,,,N/A,,1,FALSE,FALSE,FALSE,FALSE,TRUE,FALSE,FALSE,FALSE,None,None,None,
Greed,Nocturne,Hex,,,,N/A,,1,FALSE,FALSE,FALSE,FALSE,FALSE,FALSE,FALSE,FALSE,None,None,None,
Famine,Nocturne,Hex,,,,N/A,,1,FALSE,FALSE,FALSE,FALSE,FALSE,FALSE,FALSE,FALSE,None,None,None,
Misery,Nocturne,Hex,,,,N/A,,1,FALSE,FALSE,FALSE,FALSE,FALSE,FALSE,FALSE,FALSE,None,None,None,"Miserable, Twice Miserable"
Delusion,Nocturne,Hex,,,,N/A,,1,FALSE,FALSE,FALSE,FALSE,FALSE,FALSE,FALSE,FALSE,None,None,None,Deluded
Envy,Nocturne,Hex,,,,N/A,,1,FALSE,FALSE,FALSE,FALSE,FALSE,FALSE,FALSE,FALSE,None,None,None,Envious
Plague,Nocturne,Hex,,,,N/A,,1,FALSE,FALSE,FALSE,FALSE,FALSE,FALSE,TRUE,FALSE,None,None,None,
Idol,Nocturne,Treasure,Attack,Fate,,5,,10,FALSE,TRUE,FALSE,FALSE,FALSE,FALSE,TRUE,FALSE,None,None,None,Boons
Imp,Nocturne,Action,Spirit,,,2,,13,FALSE,FALSE,FALSE,FALSE,FALSE,FALSE,FALSE,FALSE,None,None,None,
Leprechaun,Nocturne,Action,Doom,,,3,,10,FALSE,TRUE,FALSE,FALSE,FALSE,FALSE,FALSE,FALSE,None,None,None,"Wish, Hexes"
Monastery,Nocturne,Night,,,,2,,10,FALSE,TRUE,FALSE,FALSE,TRUE,FALSE,FALSE,FALSE,None,None,None,
Necromancer,Nocturne,Action,,,,4,,10,FALSE,TRUE,FALSE,FALSE,FALSE,FALSE,FALSE,FALSE,None,None,None,Zombies
Zombie Apprentice,Nocturne,Action,Zombie,,,3,,1,FALSE,FALSE,FALSE,FALSE,TRUE,TRUE,FALSE,FALSE,None,None,None,
Zombie Mason,Nocturne,Action,Zombie,,,3,,1,FALSE,FALSE,FALSE,FALSE,TRUE,TRUE,FALSE,FALSE,None,None,None,
Zombie Spy,Nocturne,Action,Zombie,,,3,,1,FALSE,FALSE,FALSE,FALSE,FALSE,TRUE,FALSE,FALSE,None,None,None,
Night Watchman,Nocturne,Night,,,,3,,10,FALSE,TRUE,FALSE,TRUE,FALSE,FALSE,FALSE,FALSE,None,None,None,
Pixie,Nocturne,Action,Fate,,,2,,10,FALSE,TRUE,FALSE,FALSE,FALSE,FALSE,FALSE,FALSE,None,None,None,"Boons, Goat"
Goat,Nocturne,Treasure,Heirloom,,,2,,6,FALSE,FALSE,FALSE,FALSE,TRUE,TRUE,FALSE,FALSE,None,None,None,
Raider,Nocturne,Night,Duration,Attack,,6,,10,FALSE,TRUE,FALSE,FALSE,FALSE,FALSE,FALSE,FALSE,None,None,None,
Pooka,Nocturne,Action,,,,5,,10,FALSE,TRUE,FALSE,FALSE,TRUE,FALSE,FALSE,FALSE,None,None,None,Cursed Gold
Cursed Gold,Nocturne,Treasure,Heirloom,,,4,,6,FALSE,FALSE,FALSE,FALSE,FALSE,TRUE,TRUE,FALSE,None,None,None,
Sacred Grove,Nocturne,Action,Fate,,,5,,10,FALSE,TRUE,FALSE,FALSE,FALSE,FALSE,FALSE,FALSE,None,None,None,Boons
Secret Cave,Nocturne,Action,Duration,,,3,,10,FALSE,TRUE,FALSE,FALSE,FALSE,FALSE,FALSE,FALSE,None,None,None,Magic Lamp
Magic Lamp,Nocturne,Treasure,Heirloom,,,0,,6,FALSE,FALSE,FALSE,FALSE,FALSE,TRUE,FALSE,FALSE,None,None,None,Wishes
Skulk,Nocturne,Action,Attack,Doom,,4,,10,FALSE,TRUE,FALSE,TRUE,FALSE,FALSE,FALSE,FALSE,None,None,None,Hexes
Sepherd,Nocturne,Action,,,,4,,10,FALSE,TRUE,FALSE,FALSE,FALSE,FALSE,FALSE,FALSE,None,None,None,Pasture
Pasture,Nocturne,Treasure,Victory,Heirloom,,2,,6,FALSE,FALSE,FALSE,FALSE,FALSE,TRUE,FALSE,FALSE,None,None,None,
Deluded/Envious,Nocturne,State,,,,N/A,,6,FALSE,FALSE,FALSE,FALSE,FALSE,FALSE,FALSE,FALSE,None,None,None,
Miserable/Twice Miserable,Nocturne,State,,,,N/A,,6,FALSE,FALSE,FALSE,FALSE,FALSE,FALSE,FALSE,FALSE,None,None,None,
Tormentor,Nocturne,Action,Attack,Doom,,5,,10,FALSE,TRUE,FALSE,FALSE,FALSE,FALSE,FALSE,FALSE,None,None,None,"Imp, Hexes"
Tracker,Nocturne,Action,Fate,,,2,,10,FALSE,TRUE,FALSE,FALSE,FALSE,FALSE,FALSE,FALSE,None,None,None,"Boons, Pouch"
Pouch,Nocturne,Treasure,Heirloom,,,2,,6,FALSE,FALSE,FALSE,FALSE,FALSE,TRUE,FALSE,FALSE,None,None,None,
Tragic Hero,Nocturne,Action,,,,5,,10,FALSE,TRUE,FALSE,FALSE,FALSE,FALSE,FALSE,FALSE,None,None,None,
Vampire,Nocturne,Night,Attack,Doom,,5,,10,FALSE,TRUE,FALSE,FALSE,FALSE,FALSE,FALSE,FALSE,None,None,None,"Bat, Hexes"
Bat,Nocturne,Night,,,,2,,10,FALSE,FALSE,FALSE,FALSE,TRUE,FALSE,FALSE,FALSE,None,None,None,
Werewolf,Nocturne,Action,Night,Attack,Doom,5,,10,FALSE,TRUE,FALSE,FALSE,FALSE,FALSE,FALSE,FALSE,None,None,None,Hexes
Lost In The Woods,Nocturne,State,,,,N/A,,1,FALSE,FALSE,FALSE,FALSE,FALSE,FALSE,FALSE,FALSE,None,None,None,Boons
Will-O'-Wisp,Nocturne,Action,Spirit,,,0,,12,FALSE,FALSE,FALSE,FALSE,FALSE,FALSE,FALSE,FALSE,None,None,None,
Wish,Nocturne,Action,,,,0,,12,FALSE,FALSE,FALSE,FALSE,FALSE,FALSE,FALSE,FALSE,None,None,None,
Black Market,Promo,Action,,,,3,,10,FALSE,TRUE,FALSE,FALSE,FALSE,TRUE,FALSE,FALSE,None,None,None,
Captain,Promo,Action,Duration,,,6,,10,FALSE,TRUE,FALSE,FALSE,FALSE,FALSE,FALSE,FALSE,None,None,None,
Church,Promo,Action,Duration,,,3,,10,FALSE,TRUE,FALSE,FALSE,TRUE,FALSE,FALSE,FALSE,None,None,None,
Dismantle,Promo,Action,,,,4,,10,FALSE,TRUE,FALSE,FALSE,TRUE,FALSE,FALSE,FALSE,None,None,None,
Envoy,Promo,Action,,,,4,,10,FALSE,TRUE,FALSE,FALSE,FALSE,FALSE,FALSE,FALSE,None,None,None,
Summon,Promo,Event,,,,5,,1,FALSE,FALSE,FALSE,FALSE,FALSE,FALSE,FALSE,FALSE,None,None,None,
Governor,Promo,Action,,,,5,,10,FALSE,TRUE,FALSE,FALSE,TRUE,FALSE,FALSE,FALSE,None,None,None,
Prince,Promo,Action,,,,8,,10,FALSE,TRUE,FALSE,FALSE,FALSE,FALSE,FALSE,FALSE,None,None,None,
Sauna,Promo,Action,,,,4,,5,FALSE,TRUE,FALSE,FALSE,TRUE,FALSE,FALSE,FALSE,None,None,None,
Avanto,Promo,Action,,,,5,,5,FALSE,TRUE,FALSE,FALSE,FALSE,FALSE,FALSE,FALSE,None,None,None,
Stash,Promo,Treasure,,,,5,,10,FALSE,TRUE,FALSE,FALSE,FALSE,FALSE,FALSE,FALSE,None,None,None,
Walled Village,Promo,Action,,,,4,,10,FALSE,TRUE,FALSE,FALSE,FALSE,FALSE,FALSE,FALSE,None,None,None,
Bank,Prosperity,Treasure,,,,7,,10,FALSE,TRUE,FALSE,FALSE,FALSE,FALSE,FALSE,FALSE,None,None,None,
Bishop,Prosperity,Action,,,,4,,10,FALSE,TRUE,FALSE,FALSE,TRUE,FALSE,FALSE,FALSE,Point,None,None,
City,Prosperity,Action,,,,5,,10,FALSE,TRUE,FALSE,FALSE,FALSE,FALSE,FALSE,FALSE,None,None,None,
Contraband,Prosperity,Treasure,,,,5,,10,FALSE,TRUE,FALSE,FALSE,FALSE,FALSE,FALSE,FALSE,None,None,None,
Counting House,Prosperity,Action,,,,5,,10,FALSE,TRUE,FALSE,FALSE,FALSE,FALSE,FALSE,FALSE,None,None,None,
Expand,Prosperity,Action,,,,7,,10,FALSE,TRUE,FALSE,FALSE,TRUE,FALSE,FALSE,FALSE,None,None,None,
Forge,Prosperity,Action,,,,7,,10,FALSE,TRUE,FALSE,FALSE,TRUE,FALSE,FALSE,FALSE,None,None,None,
Goons,Prosperity,Action,Attack,,,6,,10,FALSE,TRUE,FALSE,FALSE,FALSE,FALSE,FALSE,FALSE,Point,None,None,
Grand Market,Prosperity,Action,,,,6,,10,FALSE,TRUE,FALSE,FALSE,FALSE,FALSE,FALSE,FALSE,None,None,None,
Hoard,Prosperity,Treasure,,,,6,,10,FALSE,TRUE,FALSE,FALSE,FALSE,FALSE,FALSE,FALSE,None,None,None,
King's Court,Prosperity,Action,,,,7,,10,FALSE,TRUE,FALSE,FALSE,FALSE,FALSE,FALSE,FALSE,None,None,None,
Loan,Prosperity,Treasure,,,,3,,10,FALSE,TRUE,FALSE,FALSE,TRUE,FALSE,FALSE,FALSE,None,None,None,
Mint,Prosperity,Action,,,,5,,10,FALSE,TRUE,FALSE,FALSE,TRUE,FALSE,FALSE,FALSE,None,None,None,
Monument,Prosperity,Action,,,,4,,10,FALSE,TRUE,FALSE,FALSE,FALSE,FALSE,FALSE,FALSE,Point,None,None,
Mountebank,Prosperity,Action,Attack,,,5,,10,FALSE,TRUE,FALSE,FALSE,FALSE,FALSE,TRUE,FALSE,None,None,None,
Peddler,Prosperity,Action,,,,8,,10,TRUE,TRUE,FALSE,FALSE,FALSE,FALSE,FALSE,FALSE,None,None,None,
Quarry,Prosperity,Treasure,,,,4,,10,FALSE,TRUE,FALSE,FALSE,FALSE,FALSE,FALSE,TRUE,None,None,None,
Rabble,Prosperity,Action,Attack,,,5,,10,FALSE,TRUE,FALSE,FALSE,FALSE,FALSE,FALSE,FALSE,None,None,None,
Royal Seal,Prosperity,Treasure,,,,5,,10,FALSE,TRUE,FALSE,FALSE,FALSE,FALSE,FALSE,FALSE,None,None,None,
Talisman,Prosperity,Treasure,,,,4,,10,FALSE,TRUE,FALSE,FALSE,FALSE,FALSE,FALSE,FALSE,None,None,None,
Trade Route,Prosperity,Action,,,,3,,10,FALSE,TRUE,FALSE,FALSE,TRUE,TRUE,FALSE,FALSE,Token,None,Trade Route,
Vault,Prosperity,Action,,,,5,,10,FALSE,TRUE,FALSE,FALSE,FALSE,FALSE,FALSE,FALSE,None,None,None,
Venture,Prosperity,Treasure,,,,5,,10,FALSE,TRUE,FALSE,FALSE,FALSE,FALSE,FALSE,FALSE,None,None,None,
Watchtower,Prosperity,Action,Reaction,,,3,,10,FALSE,TRUE,FALSE,FALSE,TRUE,FALSE,FALSE,FALSE,None,None,None,
Worker's Village,Prosperity,Action,,,,4,,10,FALSE,TRUE,FALSE,FALSE,FALSE,FALSE,FALSE,FALSE,None,None,None,
Colony,Prosperity,Victory,,,,11,,12,FALSE,TRUE,FALSE,FALSE,FALSE,FALSE,FALSE,FALSE,None,None,None,
Platinum,Prosperity,Treasure,,,,9,,12,FALSE,TRUE,FALSE,FALSE,FALSE,FALSE,FALSE,FALSE,None,None,None,
Acting Troupe,Renaissance,Action,,,,3,,10,FALSE,TRUE,FALSE,FALSE,FALSE,FALSE,FALSE,FALSE,Coin,None,Coffers/Villagers,
Border Guard,Renaissance,Action,,,,2,,10,FALSE,TRUE,FALSE,FALSE,FALSE,FALSE,FALSE,FALSE,None,None,None,"Horn, Lantern"
Horn,Renaissance,Artifact,,,,N/A,,1,FALSE,FALSE,FALSE,FALSE,FALSE,FALSE,FALSE,FALSE,None,None,None,
Lantern,Renaissance,Artifact,,,,N/A,,1,FALSE,FALSE,FALSE,FALSE,FALSE,FALSE,FALSE,FALSE,None,None,None,
Cargo Ship,Renaissance,Action,Duration,,,3,,10,FALSE,TRUE,FALSE,FALSE,FALSE,FALSE,FALSE,FALSE,None,None,None,
Ducat,Renaissance,Treasure,,,,2,,10,FALSE,TRUE,FALSE,TRUE,FALSE,FALSE,FALSE,FALSE,Coin,None,Coffers/Villagers,
Experiment,Renaissance,Action,,,,3,,10,FALSE,TRUE,FALSE,TRUE,FALSE,FALSE,FALSE,FALSE,None,None,None,
Flag Bearer,Renaissance,Action,,,,4,,10,FALSE,TRUE,TRUE,TRUE,FALSE,FALSE,FALSE,FALSE,None,None,None,Flag
Flag,Renaissance,Artifact,,,,N/A,,1,FALSE,FALSE,FALSE,FALSE,FALSE,FALSE,FALSE,FALSE,None,None,None,
Hideout,Renaissance,Action,,,,4,,10,FALSE,TRUE,FALSE,FALSE,TRUE,FALSE,TRUE,FALSE,None,None,None,
Improve,Renaissance,Action,,,,3,,10,FALSE,TRUE,FALSE,FALSE,TRUE,FALSE,FALSE,FALSE,None,None,None,
Inventor,Renaissance,Action,,,,4,,10,FALSE,TRUE,FALSE,FALSE,FALSE,FALSE,FALSE,TRUE,None,None,None,
Lackeys,Renaissance,Action,,,,2,,10,FALSE,TRUE,FALSE,TRUE,FALSE,FALSE,FALSE,FALSE,Coin,None,Coffers/Villagers,
Mountain Village,Renaissance,Action,,,,4,,10,FALSE,TRUE,FALSE,FALSE,FALSE,FALSE,FALSE,FALSE,None,None,None,
Old Witch,Renaissance,Action,Attack,,,5,,10,FALSE,TRUE,FALSE,FALSE,FALSE,FALSE,TRUE,FALSE,None,None,None,
Patron,Renaissance,Action,Reaction,,,4,,10,FALSE,TRUE,FALSE,FALSE,FALSE,FALSE,FALSE,FALSE,Coin,None,Coffers/Villagers,
Priest,Renaissance,Action,,,,4,,10,FALSE,TRUE,FALSE,FALSE,TRUE,FALSE,FALSE,FALSE,None,None,None,
Academy,Renaissance,Project,,,,5,,1,FALSE,FALSE,FALSE,FALSE,FALSE,FALSE,FALSE,FALSE,Coin,None,Coffers/Villagers,
Barracks,Renaissance,Project,,,,6,,1,FALSE,FALSE,FALSE,FALSE,FALSE,FALSE,FALSE,FALSE,None,None,None,
Canal,Renaissance,Project,,,,7,,1,FALSE,FALSE,FALSE,FALSE,FALSE,FALSE,FALSE,TRUE,None,None,None,
Capitalism,Renaissance,Project,,,,5,,1,FALSE,FALSE,FALSE,FALSE,FALSE,FALSE,FALSE,FALSE,None,None,None,
Cathedral,Renaissance,Project,,,,3,,1,FALSE,FALSE,FALSE,FALSE,TRUE,FALSE,FALSE,FALSE,None,None,None,
Citadel,Renaissance,Project,,,,8,,1,FALSE,FALSE,FALSE,FALSE,FALSE,FALSE,FALSE,FALSE,None,None,None,
City Gate,Renaissance,Project,,,,3,,1,FALSE,FALSE,FALSE,FALSE,FALSE,FALSE,FALSE,FALSE,None,None,None,
Crop Rotation,Renaissance,Project,,,,6,,1,FALSE,FALSE,FALSE,FALSE,FALSE,FALSE,FALSE,FALSE,None,None,None,
Exploration,Renaissance,Project,,,,4,,1,FALSE,FALSE,FALSE,FALSE,FALSE,FALSE,FALSE,FALSE,Coin,None,Coffers/Villagers,
Fair,Renaissance,Project,,,,4,,1,FALSE,FALSE,FALSE,FALSE,FALSE,FALSE,FALSE,FALSE,None,None,None,
Fleet,Renaissance,Project,,,,5,,1,FALSE,FALSE,FALSE,FALSE,FALSE,FALSE,FALSE,FALSE,None,None,None,
Guildhall,Renaissance,Project,,,,5,,1,FALSE,FALSE,FALSE,FALSE,FALSE,FALSE,FALSE,FALSE,Coin,None,Coffers/Villagers,
Innovation,Renaissance,Project,,,,6,,1,FALSE,FALSE,FALSE,FALSE,FALSE,FALSE,FALSE,FALSE,None,None,None,
Pageant,Renaissance,Project,,,,3,,1,FALSE,FALSE,FALSE,FALSE,FALSE,FALSE,FALSE,FALSE,Coin,None,Coffers/Villagers,
Piazza,Renaissance,Project,,,,5,,1,FALSE,FALSE,FALSE,FALSE,FALSE,FALSE,FALSE,FALSE,None,None,None,
Road Network,Renaissance,Project,,,,5,,1,FALSE,FALSE,FALSE,FALSE,FALSE,FALSE,FALSE,FALSE,None,None,None,
Sewers,Renaissance,Project,,,,3,,1,FALSE,FALSE,FALSE,FALSE,TRUE,FALSE,FALSE,FALSE,None,None,None,
Silos,Renaissance,Project,,,,4,,1,FALSE,FALSE,FALSE,FALSE,FALSE,FALSE,FALSE,FALSE,None,None,None,
Sinister Plot,Renaissance,Project,,,,4,,1,FALSE,FALSE,FALSE,FALSE,FALSE,FALSE,FALSE,FALSE,Token,None,None,
Star Chart,Renaissance,Project,,,,3,,1,FALSE,FALSE,FALSE,FALSE,FALSE,FALSE,FALSE,FALSE,None,None,None,
Recruiter,Renaissance,Action,,,,5,,10,FALSE,TRUE,FALSE,FALSE,TRUE,FALSE,FALSE,FALSE,Coin,None,Coffers/Villagers,
Research,Renaissance,Action,Duration,,,4,,10,FALSE,TRUE,FALSE,FALSE,TRUE,FALSE,FALSE,FALSE,None,None,None,
Scepter,Renaissance,Treasure,,,,5,,10,FALSE,TRUE,FALSE,FALSE,FALSE,FALSE,FALSE,FALSE,None,None,None,
Scholar,Renaissance,Action,,,,5,,10,FALSE,TRUE,FALSE,FALSE,FALSE,FALSE,FALSE,FALSE,None,None,None,
Sculptor,Renaissance,Action,,,,5,,10,FALSE,TRUE,FALSE,FALSE,FALSE,FALSE,FALSE,FALSE,Coin,None,Coffers/Villagers,
Seer,Renaissance,Action,,,,5,,10,FALSE,TRUE,FALSE,FALSE,FALSE,FALSE,FALSE,FALSE,None,None,None,
Silk Merchant,Renaissance,Action,,,,4,,10,FALSE,TRUE,TRUE,TRUE,FALSE,FALSE,FALSE,FALSE,Coin,None,Coffers/Villagers,
Spices,Renaissance,Treasure,,,,5,,10,FALSE,TRUE,FALSE,TRUE,FALSE,FALSE,FALSE,FALSE,Coin,None,Coffers/Villagers,
Swashbuckler,Renaissance,Action,,,,5,,10,FALSE,TRUE,FALSE,FALSE,FALSE,FALSE,FALSE,FALSE,Coin,None,Coffers/Villagers,Treasure Chest
Treasure Chest,Renaissance,Artifact,,,,N/A,,1,FALSE,FALSE,FALSE,FALSE,FALSE,FALSE,FALSE,FALSE,None,None,None,
Villain,Renaissance,Action,Attack,,,5,,10,FALSE,TRUE,FALSE,FALSE,FALSE,FALSE,FALSE,FALSE,Coin,None,Coffers/Villagers,
Treasurer ,Renaissance,Action,,,,5,,10,FALSE,TRUE,FALSE,FALSE,TRUE,FALSE,FALSE,FALSE,None,None,None,
Key,Renaissance,Artifact,,,,N/A,,1,FALSE,FALSE,FALSE,FALSE,FALSE,FALSE,FALSE,FALSE,None,None,None,
Ambassador,Seaside,Action,Attack,,,3,,10,FALSE,TRUE,FALSE,FALSE,FALSE,FALSE,FALSE,FALSE,None,None,None,
Bazaar,Seaside,Action,,,,5,,10,FALSE,TRUE,FALSE,FALSE,FALSE,FALSE,FALSE,FALSE,None,None,None,
Caravan,Seaside,Action,Duration,,,4,,10,FALSE,TRUE,FALSE,FALSE,FALSE,FALSE,FALSE,FALSE,None,None,None,
Cutpurse,Seaside,Action,Attack,,,4,,10,FALSE,TRUE,FALSE,FALSE,FALSE,FALSE,FALSE,FALSE,None,None,None,
Embargo,Seaside,Action,,,,2,,10,FALSE,TRUE,FALSE,FALSE,FALSE,FALSE,TRUE,FALSE,Embargo,None,None,
Explorer,Seaside,Action,,,,5,,10,FALSE,TRUE,FALSE,FALSE,FALSE,FALSE,FALSE,FALSE,None,None,None,
Fishing Village,Seaside,Action,Duration,,,3,,10,FALSE,TRUE,FALSE,FALSE,FALSE,FALSE,FALSE,FALSE,None,None,None,
Ghost Ship,Seaside,Action,Attack,,,5,,10,FALSE,TRUE,FALSE,FALSE,FALSE,FALSE,FALSE,FALSE,None,None,None,
Haven,Seaside,Action,Duration,,,5,,10,FALSE,TRUE,FALSE,FALSE,FALSE,FALSE,FALSE,FALSE,None,None,None,
Island,Seaside,Action,Victory,,,4,,12,FALSE,TRUE,FALSE,FALSE,FALSE,FALSE,FALSE,FALSE,None,None,Island,
Lighthouse,Seaside,Action,Duration,,,2,,10,FALSE,TRUE,FALSE,FALSE,FALSE,FALSE,FALSE,FALSE,None,None,None,
Lookout,Seaside,Action,,,,3,,10,FALSE,TRUE,FALSE,FALSE,TRUE,FALSE,FALSE,FALSE,None,None,None,
Merchant,Seaside,Action,Duration,,,5,,10,FALSE,TRUE,FALSE,FALSE,FALSE,FALSE,FALSE,FALSE,None,None,None,
Native Village,Seaside,Action,,,,2,,10,FALSE,TRUE,FALSE,FALSE,FALSE,FALSE,FALSE,FALSE,None,None,Native Village,
Navigator,Seaside,Action,,,,4,,10,FALSE,TRUE,FALSE,FALSE,FALSE,FALSE,FALSE,FALSE,None,None,None,
Outpost,Seaside,Action,Duration,,,5,,10,FALSE,TRUE,FALSE,FALSE,FALSE,FALSE,FALSE,FALSE,None,None,None,
Pearl Diver,Seaside,Action,,,,2,,10,FALSE,TRUE,FALSE,FALSE,FALSE,FALSE,FALSE,FALSE,None,None,None,
Pirate Ship,Seaside,Action,Attack,,,4,,10,FALSE,TRUE,FALSE,FALSE,FALSE,FALSE,FALSE,FALSE,Coin,None,Pirate Ship,
Salvager,Seaside,Action,,,,4,,10,FALSE,TRUE,FALSE,FALSE,TRUE,FALSE,FALSE,FALSE,None,None,None,
Sea Hag,Seaside,Action,Attack,,,4,,10,FALSE,TRUE,FALSE,FALSE,FALSE,FALSE,TRUE,FALSE,None,None,None,
Smugglers,Seaside,Action,,,,3,,10,FALSE,TRUE,FALSE,FALSE,FALSE,FALSE,FALSE,FALSE,None,None,None,
Tactician,Seaside,Action,Duration,,,5,,10,FALSE,TRUE,FALSE,FALSE,FALSE,FALSE,FALSE,FALSE,None,None,None,
Treasure Map,Seaside,Action,,,,4,,10,FALSE,TRUE,FALSE,FALSE,TRUE,FALSE,FALSE,FALSE,None,None,None,
Treasury,Seaside,Action,,,,5,,10,FALSE,TRUE,FALSE,FALSE,FALSE,FALSE,FALSE,FALSE,None,None,None,
Warehouse,Seaside,Action,,,,3,,10,FALSE,TRUE,FALSE,FALSE,FALSE,FALSE,FALSE,FALSE,None,None,None,
Wharf,Seaside,Action,,,,5,,10,FALSE,TRUE,FALSE,FALSE,FALSE,FALSE,FALSE,FALSE,None,None,None,
Copper,Base,Treasure,,,,0,,60,FALSE,TRUE,FALSE,FALSE,FALSE,FALSE,FALSE,FALSE,None,None,None,
Silver,Base,Treasure,,,,3,,40,FALSE,TRUE,FALSE,FALSE,FALSE,FALSE,FALSE,FALSE,None,None,None,
Gold,Base,Treasure,,,,6,,30,FALSE,TRUE,FALSE,FALSE,FALSE,FALSE,FALSE,FALSE,None,None,None,
Estate,Base,Victory,,,,2,,24,FALSE,TRUE,FALSE,FALSE,FALSE,FALSE,FALSE,FALSE,None,None,None,
Duc,Base,Victory,,,,5,,12,FALSE,TRUE,FALSE,FALSE,FALSE,FALSE,FALSE,FALSE,None,None,None,
Province,Base,Victory,,,,8,,12,FALSE,TRUE,FALSE,FALSE,FALSE,FALSE,FALSE,FALSE,None,None,None,
Curse,Base,Curse,,,,0,,30,FALSE,TRUE,FALSE,FALSE,FALSE,FALSE,FALSE,FALSE,None,None,None,
Trash,Base,Trash,,,,N/A,,1,FALSE,FALSE,FALSE,FALSE,FALSE,FALSE,FALSE,FALSE,None,None,None,
